{
    "@metadata": {
        "authors": [
            "Metalhead64"
        ]
    },
    "VARIABLES_DEFAULT_NAME": "Element",
    "DUPLICATE_BLOCK": "Kopieren",
    "ADD_COMMENT": "Kommentar hinzuf\u00fcgen",
    "REMOVE_COMMENT": "Kommentar entfernen",
    "EXTERNAL_INPUTS": "externe Eing\u00e4nge",
    "INLINE_INPUTS": "interne Eing\u00e4nge",
    "DELETE_BLOCK": "Block l\u00f6schen",
    "DELETE_X_BLOCKS": "Block %1 l\u00f6schen",
    "COLLAPSE_BLOCK": "Block zusammenfalten",
    "COLLAPSE_ALL": "Collapse Blocks",
    "EXPAND_BLOCK": "Block entfalten",
    "EXPAND_ALL": "Expand Blocks",
    "DISABLE_BLOCK": "Block deaktivieren",
    "ENABLE_BLOCK": "Block aktivieren",
    "HELP": "Hilfe",
    "CHANGE_VALUE_TITLE": "Wert \u00e4ndern:",
    "NEW_VARIABLE": "Neue Variable...",
    "NEW_VARIABLE_TITLE": "Name der neuen Variable:",
    "RENAME_VARIABLE": "Variable umbenennen...",
    "RENAME_VARIABLE_TITLE": "Alle \"%1\" Variablen umbenennen in:",
    "COLOUR_PICKER_HELPURL": "https://de.wikipedia.org/wiki/Farbe",
    "COLOUR_PICKER_TOOLTIP": "W\u00e4hlen eine Farbe von der Palette.",
    "COLOUR_RANDOM_TITLE": "random colour",
    "COLOUR_RANDOM_TOOLTIP": "Choose a colour at random.",
    "COLOUR_RGB_HELPURL": "https://de.wikipedia.org/wiki/RGB-Farbraum",
    "COLOUR_RGB_TITLE": "Farbe mit",
    "COLOUR_RGB_RED": "rot",
    "COLOUR_RGB_GREEN": "gr\u00fcn",
    "COLOUR_RGB_BLUE": "blau",
    "COLOUR_RGB_TOOLTIP": "Kreiere eine Farbe mit selbst definierten rot, gr\u00fcn und blau Werten. Alle Werte m\u00fcssen zwischen 0 und 100 liegen.",
    "COLOUR_BLEND_HELPURL": "http://meyerweb.com/eric/tools/color-blend/",
    "COLOUR_BLEND_TITLE": "mische",
    "COLOUR_BLEND_COLOUR1": "Farbe 1",
    "COLOUR_BLEND_COLOUR2": "mit Farbe 2",
    "COLOUR_BLEND_RATIO": "im Verh\u00e4ltniss",
    "COLOUR_BLEND_TOOLTIP": "Vermische 2 Farbe mit konfigurierbaren Farbverh\u00e4ltniss (0.0 - 1.0).",
    "CONTROLS_REPEAT_HELPURL": "https://de.wikipedia.org/wiki/For-Schleife",
    "CONTROLS_REPEAT_TITLE": "wiederhole %1 mal",
    "CONTROLS_REPEAT_TITLE_REPEAT": "wiederhole",
    "CONTROLS_REPEAT_TITLE_TIMES": "mal",
    "CONTROLS_REPEAT_INPUT_DO": "mache",
    "CONTROLS_REPEAT_TOOLTIP": "Eine Anweisung mehrfach ausf\u00fchren.",
    "CONTROLS_WHILEUNTIL_HELPURL": "https://de.wikipedia.org/wiki/Schleife_%28Programmierung%29",
    "CONTROLS_WHILEUNTIL_OPERATOR_WHILE": "Wiederhole solange",
    "CONTROLS_WHILEUNTIL_OPERATOR_UNTIL": "Wiederhole bis",
    "CONTROLS_WHILEUNTIL_TOOLTIP_WHILE": "F\u00fchre die Anweisung solange aus wie die Bedingung wahr (true) ist.",
    "CONTROLS_WHILEUNTIL_TOOLTIP_UNTIL": "F\u00fchre die Anweisung solange aus wie die Bedingung falsch (false) ist.",
    "CONTROLS_FOR_HELPURL": "https://de.wikipedia.org/wiki/For-Schleif",
    "CONTROLS_FOR_TOOLTIP": "Z\u00e4hle die Variable \"%1\" von einem Startwert bis zu einem Zielwert und f\u00fchre f\u00fcr jeden Wert eine Anweisung aus.",
    "CONTROLS_FOR_INPUT_WITH": "Z\u00e4hle",
    "CONTROLS_FOR_INPUT_FROM_TO_BY": "von %1 bis %2 mit %3",
    "CONTROLS_FOREACH_HELPURL": "https://de.wikipedia.org/wiki/For-Schleif",
    "CONTROLS_FOREACH_INPUT_ITEM": "F\u00fcr Wert",
    "CONTROLS_FOREACH_INPUT_INLIST": "aus der Liste",
    "CONTROLS_FOREACH_INPUT_INLIST_TAIL": "",
    "CONTROLS_FOREACH_TOOLTIP": "F\u00fchre eine Anweisung f\u00fcr jeden Wert in der Liste aus und setzte dabei die Variable \"%1\" auf den aktuellen Listen Wert.",
    "CONTROLS_FLOW_STATEMENTS_HELPURL": "https://de.wikipedia.org/wiki/Kontrollstruktur",
    "CONTROLS_FLOW_STATEMENTS_OPERATOR_BREAK": "ausbrechen aus der Schleife",
    "CONTROLS_FLOW_STATEMENTS_OPERATOR_CONTINUE": "mit der n\u00e4chsten Iteration fortfahren aus der Schleife",
    "CONTROLS_FLOW_STATEMENTS_TOOLTIP_BREAK": "Die umgebene Schleife beenden.",
    "CONTROLS_FLOW_STATEMENTS_TOOLTIP_CONTINUE": "Diese Anweisung abbrechen und mit der n\u00e4chsten Schleifeniteration fortfahren.",
    "CONTROLS_FLOW_STATEMENTS_WARNING": "Warnung: Diese block sollte nur in einer Schleife verwendet werden.",
    "CONTROLS_IF_HELPURL": "http://code.google.com/p/blockly/wiki/If_Then",
    "CONTROLS_IF_TOOLTIP_1": "Wenn eine Bedingung wahr (true) ist, dann f\u00fchre eine Anweisung aus.",
    "CONTROLS_IF_TOOLTIP_2": "Wenn eine Bedingung wahr (true) ist, dann f\u00fchre die erste Anweisung aus.  Ansonsten f\u00fchre die zweite Anweisung aus.",
    "CONTROLS_IF_TOOLTIP_3": "Wenn der erste Bedingung wahr (true) ist, dann f\u00fchre die erste Anweisung aus.  Oder wenn die zweite Bedingung wahr (true) ist, dann f\u00fchre die zweite Anweisung aus.",
    "CONTROLS_IF_TOOLTIP_4": "Wenn der erste Bedingung wahr (true) ist, dann f\u00fchre die erste Anweisung aus.  Oder wenn die zweite Bedingung wahr (true) ist, dann f\u00fchre die zweite Anweisung aus.  Falls keine der beiden Bedingungen wahr (true) ist, dann f\u00fchre die dritte Anweisung aus.",
    "CONTROLS_IF_MSG_IF": "wenn",
    "CONTROLS_IF_MSG_ELSEIF": "oder wenn",
    "CONTROLS_IF_MSG_ELSE": "oder",
    "CONTROLS_IF_IF_TOOLTIP": "Hinzuf\u00fcgen, entfernen oder sortieren von Sektionen",
    "CONTROLS_IF_ELSEIF_TOOLTIP": "Eine weitere Bedingung hinzuf\u00fcgen.",
    "CONTROLS_IF_ELSE_TOOLTIP": "Eine oder Bedingung hinzuf\u00fcgen, f\u00fchrt eine Anweisung aus falls keine Bedingung zutrifft.",
    "LOGIC_COMPARE_HELPURL": "https://de.wikipedia.org/wiki/Vergleich_%28Zahlen%29",
    "LOGIC_COMPARE_TOOLTIP_EQ": "Ist wahr (true) wenn beide Werte identisch sind.",
    "LOGIC_COMPARE_TOOLTIP_NEQ": "Ist wahr (true) wenn beide Werte unterschiedlich sind.",
    "LOGIC_COMPARE_TOOLTIP_LT": "Ist wahr (true) wenn der erste Wert kleiner als der zweite Wert ist.",
    "LOGIC_COMPARE_TOOLTIP_LTE": "Ist wahr (true) wenn der erste Wert kleiner als oder gleich gross wie zweite Wert ist.",
    "LOGIC_COMPARE_TOOLTIP_GT": "Ist wahr (true) wenn der erste Wert gr\u00f6sser als der zweite Wert ist.",
    "LOGIC_COMPARE_TOOLTIP_GTE": "Ist wahr (true) wenn der erste Wert gr\u00f6sser als oder gleich gross wie zweite Wert ist.",
    "LOGIC_OPERATION_HELPURL": "http://code.google.com/p/blockly/wiki/And_Or",
    "LOGIC_OPERATION_TOOLTIP_AND": "Ist wahr (true) wenn beide Werte wahr (true) sind.",
    "LOGIC_OPERATION_AND": "und",
    "LOGIC_OPERATION_TOOLTIP_OR": "Ist wahr (true) wenn einer der beiden Werte wahr (true) ist.",
    "LOGIC_OPERATION_OR": "oder",
    "LOGIC_NEGATE_HELPURL": "http://code.google.com/p/blockly/wiki/Not",
    "LOGIC_NEGATE_TITLE": "nicht %1",
    "LOGIC_NEGATE_TOOLTIP": "Ist wahr (true) wenn der Eingabewert falsch (false) ist.  Ist falsch (false) wenn der Eingabewert wahr (true) ist.",
    "LOGIC_BOOLEAN_HELPURL": "http://code.google.com/p/blockly/wiki/True_False",
    "LOGIC_BOOLEAN_TRUE": "wahr",
    "LOGIC_BOOLEAN_FALSE": "falsch",
    "LOGIC_BOOLEAN_TOOLTIP": "Ist entweder wahr (true) oder falsch (false)",
    "LOGIC_NULL_HELPURL": "https://de.wikipedia.org/wiki/Nullwert",
    "LOGIC_NULL": "null",
    "LOGIC_NULL_TOOLTIP": "Ist NULL.",
    "LOGIC_TERNARY_HELPURL": "https://de.wikipedia.org/wiki/%3F:#Auswahloperator",
    "LOGIC_TERNARY_CONDITION": "test",
    "LOGIC_TERNARY_IF_TRUE": "wenn wahr",
    "LOGIC_TERNARY_IF_FALSE": "wenn falsch",
    "LOGIC_TERNARY_TOOLTIP": "\u00dcberpr\u00fcft eine Bedingung \"test\". Wenn die Bedingung wahr ist wird der \"wenn wahr\" Wert zur\u00fcckgegeben, andernfalls der \"wenn falsch\" Wert",
    "MATH_NUMBER_HELPURL": "https://de.wikipedia.org/wiki/Zahl",
    "MATH_NUMBER_TOOLTIP": "Eine Zahl.",
    "MATH_ARITHMETIC_HELPURL": "https://de.wikipedia.org/wiki/Grundrechenart",
    "MATH_ARITHMETIC_TOOLTIP_ADD": "Ist die Summe zweier Werte.",
    "MATH_ARITHMETIC_TOOLTIP_MINUS": "Ist die Differenz zweier Werte.",
    "MATH_ARITHMETIC_TOOLTIP_MULTIPLY": "Ist das Produkt zweier Werte.",
    "MATH_ARITHMETIC_TOOLTIP_DIVIDE": "Ist der Quotient zweier Werte.",
    "MATH_ARITHMETIC_TOOLTIP_POWER": "Ist der erste Wert potenziert mit dem zweiten Wert.",
    "MATH_SINGLE_HELPURL": "https://de.wikipedia.org/wiki/Quadratwurzel",
    "MATH_SINGLE_OP_ROOT": "Quadratwurzel",
    "MATH_SINGLE_TOOLTIP_ROOT": "Ist die Qudratwurzel eines Wertes.",
    "MATH_SINGLE_OP_ABSOLUTE": "Absolutwert",
    "MATH_SINGLE_TOOLTIP_ABS": "Ist der Absolutwert eines Wertes.",
    "MATH_SINGLE_TOOLTIP_NEG": "Negiert einen Wert.",
    "MATH_SINGLE_TOOLTIP_LN": "Ist der nat\u00fcrliche Logarithmus eines Wertes.",
    "MATH_SINGLE_TOOLTIP_LOG10": "Ist der dekadische Logarithmus eines Wertes.",
    "MATH_SINGLE_TOOLTIP_EXP": "Ist Wert der Exponentialfunktion eines Wertes.",
    "MATH_SINGLE_TOOLTIP_POW10": "Rechnet 10 hoch Eingabewert.",
    "MATH_TRIG_HELPURL": "https://de.wikipedia.org/wiki/Trigonometrie",
    "MATH_TRIG_TOOLTIP_SIN": "Ist der Sinus eins Winkels.",
    "MATH_TRIG_TOOLTIP_COS": "Ist der Cosinus eins Winkels.",
    "MATH_TRIG_TOOLTIP_TAN": "Ist der Tangens eins Winkels.",
    "MATH_TRIG_TOOLTIP_ASIN": "Ist der Arcussinus des Eingabewertes.",
    "MATH_TRIG_TOOLTIP_ACOS": "Ist der Arcuscosinus des Eingabewertes.",
    "MATH_TRIG_TOOLTIP_ATAN": "Ist der Arcustangens des Eingabewertes.",
    "MATH_CONSTANT_HELPURL": "https://de.wikipedia.org/wiki/Mathematische_Konstante",
    "MATH_CONSTANT_TOOLTIP": "Mathematische Konstanten wie: \u03c0 (3.141\u2026), e (2.718\u2026), \u03c6 (1.618\u2026), sqrt(2) (1.414\u2026), sqrt(\u00bd) (0.707\u2026) oder \u221e (unendlich).",
    "MATH_IS_EVEN": "ist gerade",
    "MATH_IS_ODD": "ist ungerade",
    "MATH_IS_PRIME": "ist eine Primenzahl",
    "MATH_IS_WHOLE": "ganze Zahl",
    "MATH_IS_POSITIVE": "ist positiv",
    "MATH_IS_NEGATIVE": "ist negativ",
    "MATH_IS_DIVISIBLE_BY": "ist teilbar durch",
    "MATH_IS_TOOLTIP": "\u00dcberpr\u00fcft ob eine Zahl gerade, ungerade, eine Primenzahl, ganzzahlig, positiv, negativ oder durch eine zweite Zahl teilbar ist.  Gibt wahr (true) oder falsch (false) zur\u00fcck.",
    "MATH_CHANGE_HELPURL": "https://de.wikipedia.org/wiki/Inkrement_und_Dekrement",
    "MATH_CHANGE_TITLE_CHANGE": "erh\u00f6he",
    "MATH_CHANGE_INPUT_BY": "um",
    "MATH_CHANGE_TOOLTIP": "Addiert einen Wert zur Variable \"%1\" hinzu.",
    "MATH_ROUND_HELPURL": "https://de.wikipedia.org/wiki/Runden",
    "MATH_ROUND_TOOLTIP": "Eine Zahl auf oder ab runden.",
    "MATH_ROUND_OPERATOR_ROUND": "runden",
    "MATH_ROUND_OPERATOR_ROUNDUP": "auf runden",
    "MATH_ROUND_OPERATOR_ROUNDDOWN": "ab runden",
    "MATH_ONLIST_HELPURL": "http://www.sysplus.ch/einstieg.php?links=menu\u0026seite=4125\u0026grad=Crash\u0026prog=Excel",
    "MATH_ONLIST_OPERATOR_SUM": "Summme einer Liste",
    "MATH_ONLIST_TOOLTIP_SUM": "Ist die Summe aller Werte in einer Liste.",
    "MATH_ONLIST_OPERATOR_MIN": "Minimalwert einer Liste",
    "MATH_ONLIST_TOOLTIP_MIN": "Ist der kleinste Wert in einer Liste.",
    "MATH_ONLIST_OPERATOR_MAX": "Maximalwert einer Liste",
    "MATH_ONLIST_TOOLTIP_MAX": "Ist der gr\u00f6sste Wert in einer Liste.",
    "MATH_ONLIST_OPERATOR_AVERAGE": "Mittelwert einer Liste",
    "MATH_ONLIST_TOOLTIP_AVERAGE": "Ist der Durchschnittswert aller Werte in einer Liste.",
    "MATH_ONLIST_OPERATOR_MEDIAN": "Median einer Liste",
    "MATH_ONLIST_TOOLTIP_MEDIAN": "Ist der Zentralwert aller Werte in einer Liste.",
    "MATH_ONLIST_OPERATOR_MODE": "Modulo / Restwert einer Liste",
    "MATH_ONLIST_TOOLTIP_MODE": "Findet den am h\u00e4ufigsten vorkommenden Wert in einer Liste.  Falls kein Wert \u00f6fter vorkomme als alle anderen, wird die originale Liste zur\u00fcckgegen",
    "MATH_ONLIST_OPERATOR_STD_DEV": "Standart Abweichung einer Liste",
    "MATH_ONLIST_TOOLTIP_STD_DEV": "Ist die standartiesierte Standartabweichung aller Werte in der Liste",
    "MATH_ONLIST_OPERATOR_RANDOM": "Zufallswert einer Liste",
    "MATH_ONLIST_TOOLTIP_RANDOM": "Gebe einen Zufallswert aus der Liste zur\u00fcck.",
    "MATH_MODULO_HELPURL": "https://de.wikipedia.org/wiki/Modulo",
    "MATH_MODULO_TITLE": "Rest von %1 \u00f7 %2",
    "MATH_MODULO_TOOLTIP": "Der Rest nach einer Division.",
    "MATH_CONSTRAIN_HELPURL": "https://en.wikipedia.org/wiki/Clamping_%28graphics%29",
    "MATH_CONSTRAIN_TITLE": "begrenzen %1 von %2 bis %3",
    "MATH_CONSTRAIN_TOOLTIP": "Begrenzt den Wertebereich mittels von / bis Werte. (inklusiv)",
    "MATH_RANDOM_INT_HELPURL": "https://de.wikipedia.org/wiki/Zufallszahlen",
    "MATH_RANDOM_INT_TITLE": "ganzahliger Zufallswerte zwischen %1 bis %2",
    "MATH_RANDOM_INT_TOOLTIP": "Erzeuge eine ganzahligen Zufallswert zwischen zwei Werten (inklusiv).",
    "MATH_RANDOM_FLOAT_HELPURL": "https://de.wikipedia.org/wiki/Zufallszahlen",
    "MATH_RANDOM_FLOAT_TITLE_RANDOM": "Zufallszahl (0.0 -1.0)",
    "MATH_RANDOM_FLOAT_TOOLTIP": "Erzeuge eine Zufallszahl zwischen 0.0 (inklusiv) und 1.0 (exklusiv).",
    "TEXT_TEXT_HELPURL": "https://de.wikipedia.org/wiki/Zeichenkette",
    "TEXT_TEXT_TOOLTIP": "Ein Buchstabe, Text oder Satz.",
    "TEXT_JOIN_HELPURL": "",
    "TEXT_JOIN_TITLE_CREATEWITH": "Erstelle Text aus",
    "TEXT_JOIN_TOOLTIP": "Erstellt einen Text durch das verbinden von mehreren Textelementen.",
    "TEXT_CREATE_JOIN_TITLE_JOIN": "verbinden",
    "TEXT_CREATE_JOIN_TOOLTIP": "Hinzuf\u00fcgen, entfernen und sortieren von Elementen.",
    "TEXT_CREATE_JOIN_ITEM_TOOLTIP": "Ein Element zum Text hinzuf\u00fcgen.",
    "TEXT_APPEND_HELPURL": "http://www.liv.ac.uk/HPC/HTMLF90Course/HTMLF90CourseNotesnode91.html",
    "TEXT_APPEND_TO": "An",
    "TEXT_APPEND_APPENDTEXT": "Text anh\u00e4ngen",
    "TEXT_APPEND_TOOLTIP": "Text an die Variable \"%1\" anh\u00e4ngen.",
    "TEXT_LENGTH_HELPURL": "http://www.liv.ac.uk/HPC/HTMLF90Course/HTMLF90CourseNotesnode91.html",
    "TEXT_LENGTH_TITLE": "l\u00e4nge %1",
    "TEXT_LENGTH_TOOLTIP": "Die Anzahl von Zeichen in einem Textes. (inkl. Leerzeichen)",
    "TEXT_ISEMPTY_HELPURL": "http://www.liv.ac.uk/HPC/HTMLF90Course/HTMLF90CourseNotesnode91.html",
    "TEXT_ISEMPTY_TITLE": "%1 ist leer?",
    "TEXT_ISEMPTY_TOOLTIP": "Ist wahr (true), wenn der Text leer ist.",
    "TEXT_INDEXOF_HELPURL": "http://publib.boulder.ibm.com/infocenter/lnxpcomp/v8v101/index.jsp?topic=%2Fcom.ibm.xlcpp8l.doc%2Flanguage%2Fref%2Farsubex.htm",
    "TEXT_INDEXOF_TOOLTIP": "Findest das erste / letzte Vorkommniss eines cuchbegriffes in einem Text.  Gibt die Position des Begriffes oder 0 zur\u00fcck.",
    "TEXT_INDEXOF_INPUT_INTEXT": "im Text",
    "TEXT_INDEXOF_OPERATOR_FIRST": "Suche erstes Vorkommniss des Begriff",
    "TEXT_INDEXOF_OPERATOR_LAST": "Suche letztes Vorkommniss des Begriff",
    "TEXT_INDEXOF_TAIL": "",
    "TEXT_CHARAT_HELPURL": "http://publib.boulder.ibm.com/infocenter/lnxpcomp/v8v101/index.jsp?topic=%2Fcom.ibm.xlcpp8l.doc%2Flanguage%2Fref%2Farsubex.htm",
    "TEXT_CHARAT_INPUT_INTEXT": "vom Text",
    "TEXT_CHARAT_FROM_START": "Nehme Buchstabe #ten",
    "TEXT_CHARAT_FROM_END": "Nehme #te Buchstabe von hinten",
    "TEXT_CHARAT_FIRST": "Nehme ersten Buchstabe",
    "TEXT_CHARAT_LAST": "Nehme letzten Buchstabe",
    "TEXT_CHARAT_RANDOM": "Nehme zuf\u00e4lligen Buchstabe",
    "TEXT_CHARAT_TAIL": "",
    "TEXT_CHARAT_TOOLTIP": "Extrahiere einen Buchstaben von einer spezifizierten Position.",
    "TEXT_GET_SUBSTRING_TOOLTIP": "Returns a specified portion of the text.",
    "TEXT_GET_SUBSTRING_HELPURL": "http://publib.boulder.ibm.com/infocenter/lnxpcomp/v8v101/index.jsp?topic=%2Fcom.ibm.xlcpp8l.doc%2Flanguage%2Fref%2Farsubex.htm",
    "TEXT_GET_SUBSTRING_INPUT_IN_TEXT": "in Text",
    "TEXT_GET_SUBSTRING_START_FROM_START": "Buchstabe #ten",
    "TEXT_GET_SUBSTRING_START_FROM_END": "#te Buchstabe von hinten",
    "TEXT_GET_SUBSTRING_START_FIRST": "ersten Buchstabe",
    "TEXT_GET_SUBSTRING_END_FROM_START": "bis Buchstabe #ten",
    "TEXT_GET_SUBSTRING_END_FROM_END": "bis #te Buchstabe von hinten",
    "TEXT_GET_SUBSTRING_END_LAST": "bis letzten Buchstabe",
    "TEXT_GET_SUBSTRING_TAIL": "",
    "TEXT_CHANGECASE_HELPURL": "http://www.liv.ac.uk/HPC/HTMLF90Course/HTMLF90CourseNotesnode91.html",
    "TEXT_CHANGECASE_TOOLTIP": "Wandelt Schreibweise von Texten um, in Grossbuchstaben, Kleinbuchstaben oder den ersten Buchstaben jedes Wortes gross und die anderen klein.",
    "TEXT_CHANGECASE_OPERATOR_UPPERCASE": "umwandeln in GROSSBUCHSTABEN",
    "TEXT_CHANGECASE_OPERATOR_LOWERCASE": "umwandeln in kleinbuchstaben",
    "TEXT_CHANGECASE_OPERATOR_TITLECASE": "umwandeln in W\u00f6rter",
    "TEXT_TRIM_HELPURL": "http://www.liv.ac.uk/HPC/HTMLF90Course/HTMLF90CourseNotesnode91.html",
    "TEXT_TRIM_TOOLTIP": "Entfernt Leerzeichen vom Anfang und / oder Ende eines Textes.",
    "TEXT_TRIM_OPERATOR_BOTH": "entferne Leerzeichen von Anfang und Ende Seiten",
    "TEXT_TRIM_OPERATOR_LEFT": "entferne Leerzeichen von Anfang Seite",
    "TEXT_TRIM_OPERATOR_RIGHT": "entferne Leerzeichen von Ende Seite",
    "TEXT_PRINT_HELPURL": "http://www.liv.ac.uk/HPC/HTMLF90Course/HTMLF90CourseNotesnode91.html",
    "TEXT_PRINT_TITLE": "Ausgabe %1",
    "TEXT_PRINT_TOOLTIP": "Gib den Inhalt einer Variable aus.",
    "TEXT_PROMPT_HELPURL": "http://www.liv.ac.uk/HPC/HTMLF90Course/HTMLF90CourseNotesnode92.html",
    "TEXT_PROMPT_TYPE_TEXT": "Fragt nach Text mit Hinweis",
    "TEXT_PROMPT_TYPE_NUMBER": "Fragt nach Zahl mit Hinweis",
    "TEXT_PROMPT_TOOLTIP_NUMBER": "Fragt den Benutzer nach ein Zahl.",
    "TEXT_PROMPT_TOOLTIP_TEXT": "Fragt den Benutzer nach einem Text.",
    "LISTS_CREATE_EMPTY_HELPURL": "https://en.wikipedia.org/wiki/Linked_list#Empty_lists",
    "LISTS_CREATE_EMPTY_TITLE": "Erzeuge eine leere Liste",
    "LISTS_CREATE_EMPTY_TOOLTIP": "Erzeugt eine leere Liste ohne Inhalt.",
    "LISTS_CREATE_WITH_TOOLTIP": "Erzeugt eine List mit konfigurierten Elementen.",
    "LISTS_CREATE_WITH_INPUT_WITH": "Erzeuge Liste mit",
    "LISTS_CREATE_WITH_CONTAINER_TITLE_ADD": "Liste",
    "LISTS_CREATE_WITH_CONTAINER_TOOLTIP": "Hinzuf\u00fcgen, entfernen und sortieren von Elementen.",
    "LISTS_CREATE_WITH_ITEM_TOOLTIP": "Ein Element zur Liste hinzuf\u00fcgen.",
    "LISTS_REPEAT_HELPURL": "http://publib.boulder.ibm.com/infocenter/lnxpcomp/v8v101/index.jsp?topic=%2Fcom.ibm.xlcpp8l.doc%2Flanguage%2Fref%2Farsubex.htm",
    "LISTS_REPEAT_TOOLTIP": "Erzeugt eine Liste mit einer variablen Anzahl von Elementen",
    "LISTS_REPEAT_TITLE": "Erzeuge Liste mit Element %1 wiederhole es %2 mal",
    "LISTS_LENGTH_HELPURL": "http://www.liv.ac.uk/HPC/HTMLF90Course/HTMLF90CourseNotesnode91.html",
    "LISTS_LENGTH_TITLE": "l\u00e4nge %1",
    "LISTS_LENGTH_TOOLTIP": "Die Anzahl von Elementen in der Liste.",
    "LISTS_IS_EMPTY_HELPURL": "http://www.liv.ac.uk/HPC/HTMLF90Course/HTMLF90CourseNotesnode91.html",
    "LISTS_IS_EMPTY_TITLE": "%1 ist leer?",
    "LISTS_TOOLTIP": "Ist wahr (true), wenn die Liste leer ist.",
    "LISTS_INLIST": "in der Liste",
    "LISTS_INDEX_OF_HELPURL": "http://publib.boulder.ibm.com/infocenter/lnxpcomp/v8v101/index.jsp?topic=%2Fcom.ibm.xlcpp8l.doc%2Flanguage%2Fref%2Farsubex.htm",
    "LISTS_INDEX_OF_FIRST": "Suche erstes Vorkommniss",
    "LISTS_INDEX_OF_LAST": "Suche letztes Vorkommniss",
    "LISTS_INDEX_OF_TOOLTIP": "Sucht die Position (index) eines Elementes in der Liste Gibt 0 zur\u00fcck wenn nichts gefunden wurde.",
    "LISTS_GET_INDEX_GET": "Nehme",
    "LISTS_GET_INDEX_GET_REMOVE": "Nehme und entferne",
    "LISTS_GET_INDEX_REMOVE": "Entferne",
    "LISTS_GET_INDEX_FROM_START": "#te",
    "LISTS_GET_INDEX_FROM_END": "#te von hinten",
    "LISTS_GET_INDEX_FIRST": "erste",
    "LISTS_GET_INDEX_LAST": "letzte",
    "LISTS_GET_INDEX_RANDOM": "zuf\u00e4lliges",
    "LISTS_GET_INDEX_TAIL": "",
    "LISTS_GET_INDEX_TOOLTIP_GET_FROM_START": "Extrahiere das #1te Element von der Liste.",
    "LISTS_GET_INDEX_TOOLTIP_GET_FROM_END": "Extrahiere das #1te Element vom Ende der Liste.",
    "LISTS_GET_INDEX_TOOLTIP_GET_FIRST": "Extrahiere das erste Element von der Liste.",
    "LISTS_GET_INDEX_TOOLTIP_GET_LAST": "Extrahiere das letzte Element von der Liste.",
    "LISTS_GET_INDEX_TOOLTIP_GET_RANDOM": "Extrahiere ein zuf\u00e4lliges Element von der Liste.",
    "LISTS_GET_INDEX_TOOLTIP_GET_REMOVE_FROM_START": "Extrahiere und entfernt das #1te Element von der Liste.",
    "LISTS_GET_INDEX_TOOLTIP_GET_REMOVE_FROM_END": "Extrahiere und entfernt das #1te Element vom Ende der Liste.",
    "LISTS_GET_INDEX_TOOLTIP_GET_REMOVE_FIRST": "Extrahiere und entfernt das erste Element von der Liste.",
    "LISTS_GET_INDEX_TOOLTIP_GET_REMOVE_LAST": "Extrahiere und entfernt das letzte Element von der Liste.",
    "LISTS_GET_INDEX_TOOLTIP_GET_REMOVE_RANDOM": "Extrahiere und entfernt ein zuf\u00e4lliges Element von der Liste.",
    "LISTS_GET_INDEX_TOOLTIP_REMOVE_FROM_START": "Entfernt das #1te Element von der Liste.",
    "LISTS_GET_INDEX_TOOLTIP_REMOVE_FROM_END": "Entfernt das #1te Element vom Ende der Liste.",
    "LISTS_GET_INDEX_TOOLTIP_REMOVE_FIRST": "Entfernt das erste Element von der Liste.",
    "LISTS_GET_INDEX_TOOLTIP_REMOVE_LAST": "Entfernt das letzte Element von der Liste.",
    "LISTS_GET_INDEX_TOOLTIP_REMOVE_RANDOM": "Entfernt ein zuf\u00e4lliges Element von der Liste.",
    "LISTS_SET_INDEX_HELPURL": "http://publib.boulder.ibm.com/infocenter/lnxpcomp/v8v101/index.jsp?topic=%2Fcom.ibm.xlcpp8l.doc%2Flanguage%2Fref%2Farsubex.htm",
    "LISTS_SET_INDEX_SET": "set",
    "LISTS_SET_INDEX_INSERT": "insert",
    "LISTS_SET_INDEX_INPUT_TO": "auf",
    "LISTS_SET_INDEX_TOOLTIP_SET_FROM_START": "Sets the item at the specified position in a list.  #1 is the first item.",
    "LISTS_SET_INDEX_TOOLTIP_SET_FROM_END": "Sets the item at the specified position in a list.  #1 is the last item.",
    "LISTS_SET_INDEX_TOOLTIP_SET_FIRST": "Sets the first item in a list.",
    "LISTS_SET_INDEX_TOOLTIP_SET_LAST": "Sets the last item in a list.",
    "LISTS_SET_INDEX_TOOLTIP_SET_RANDOM": "Sets a random item in a list.",
    "LISTS_SET_INDEX_TOOLTIP_INSERT_FROM_START": "Inserts the item at the specified position in a list.  #1 is the first item.",
    "LISTS_SET_INDEX_TOOLTIP_INSERT_FROM_END": "Inserts the item at the specified position in a list.  #1 is the last item.",
    "LISTS_SET_INDEX_TOOLTIP_INSERT_FIRST": "Inserts the item at the start of a list.",
    "LISTS_SET_INDEX_TOOLTIP_INSERT_LAST": "Append the item to the end of a list.",
    "LISTS_SET_INDEX_TOOLTIP_INSERT_RANDOM": "Inserts the item randomly in a list.",
    "LISTS_GET_SUBLIST_HELPURL": "http://publib.boulder.ibm.com/infocenter/lnxpcomp/v8v101/index.jsp?topic=%2Fcom.ibm.xlcpp8l.doc%2Flanguage%2Fref%2Farsubex.htm",
    "LISTS_GET_SUBLIST_START_FROM_START": "erhalte Unterliste von #",
    "LISTS_GET_SUBLIST_START_FROM_END": "erhalte Unterliste von # vom Ende",
    "LISTS_GET_SUBLIST_START_FIRST": "erhalte Unterliste vom Ersten",
    "LISTS_GET_SUBLIST_END_FROM_START": "zu #",
    "LISTS_GET_SUBLIST_END_FROM_END": "zu # vom Ende",
    "LISTS_GET_SUBLIST_END_LAST": "zum Letzten",
    "LISTS_GET_SUBLIST_TAIL": "",
    "LISTS_GET_SUBLIST_TOOLTIP": "Creates a copy of the specified portion of a list.",
    "ORDINAL_NUMBER_SUFFIX": "",
    "VARIABLES_GET_HELPURL": "https://de.wikipedia.org/wiki/Variable_%28Programmierung%29",
    "VARIABLES_GET_TITLE": "",
    "VARIABLES_GET_TAIL": "",
    "VARIABLES_GET_TOOLTIP": "Gibt den Wert der Variable zur\u00fcck.",
    "VARIABLES_GET_CREATE_SET": "Erzeuge \"Schreibe %1\"",
    "VARIABLES_SET_HELPURL": "https://de.wikipedia.org/wiki/Variable_%28Programmierung%29",
    "VARIABLES_SET_TITLE": "Schreibe",
    "VARIABLES_SET_TAIL": "",
    "VARIABLES_SET_TOOLTIP": "Setzt den Wert einer Variable.",
    "VARIABLES_SET_CREATE_GET": "Erzeuge \"Lese %1\"",
    "PROCEDURES_DEFNORETURN_HELPURL": "https://de.wikipedia.org/wiki/Prozedur_%28Programmierung%29",
    "PROCEDURES_DEFNORETURN_TITLE": "to",
    "PROCEDURES_DEFNORETURN_PROCEDURE": "Funktionsblock",
    "PROCEDURES_BEFORE_PARAMS": "mit:",
    "PROCEDURES_DEFNORETURN_DO": "",
    "PROCEDURES_DEFNORETURN_TOOLTIP": "Ein Funktionsblock ohne R\u00fcckgabewert.",
    "PROCEDURES_DEFRETURN_HELPURL": "https://de.wikipedia.org/wiki/Prozedur_%28Programmierung%29",
    "PROCEDURES_DEFRETURN_RETURN": "gebe zur\u00fcck",
    "PROCEDURES_DEFRETURN_TOOLTIP": "Ein Funktionsblock mit R\u00fcckgabewert.",
    "PROCEDURES_DEF_DUPLICATE_WARNING": "Warnung: dieser Funktionsblock hat doppelte Parameter.",
    "PROCEDURES_CALLNORETURN_HELPURL": "https://de.wikipedia.org/wiki/Prozedur_%28Programmierung%29",
    "PROCEDURES_CALLNORETURN_CALL": "",
    "PROCEDURES_CALLNORETURN_TOOLTIP": "Rufe einen Funktionsblock ohne R\u00fcckgabewert auf.",
    "PROCEDURES_CALLRETURN_HELPURL": "https://de.wikipedia.org/wiki/Prozedur_%28Programmierung%29",
    "PROCEDURES_CALLRETURN_TOOLTIP": "Rufe einen Funktionsblock mit R\u00fcckgabewert auf.",
    "PROCEDURES_MUTATORCONTAINER_TITLE": "Parameter",
    "PROCEDURES_MUTATORARG_TITLE": "Variable:",
    "PROCEDURES_HIGHLIGHT_DEF": "Markiere Funktionsblock",
    "PROCEDURES_CREATE_DO": "Erzeuge \"Aufruf %1\"",
    "PROCEDURES_IFRETURN_TOOLTIP": "Wenn der erste Wert wahr (true) ist, Gebe den zweiten Wert zur\u00fcck.",
    "PROCEDURES_IFRETURN_WARNING": "Warnung: Dieser Block darf nur innerhalb eines Funktionsblock genutzt werden."
}