{
    "@metadata": {
        "authors": [
            "Azountas",
            "Evropi",
            "Namatreasure",
            "Sfyrakis"
        ]
    },
    "VARIABLES_DEFAULT_NAME": "\u03b1\u03bd\u03c4\u03b9\u03ba\u03b5\u03af\u03bc\u03b5\u03bd\u03bf",
    "DUPLICATE_BLOCK": "\u0391\u03bd\u03c4\u03af\u03b3\u03c1\u03b1\u03c6\u03bf",
    "ADD_COMMENT": "\u03a0\u03c1\u03bf\u03c3\u03b8\u03ae\u03ba\u03b7 \u03c3\u03c7\u03cc\u03bb\u03b9\u03bf\u03c5",
    "REMOVE_COMMENT": "\u0391\u03c6\u03b1\u03af\u03c1\u03b5\u03c3\u03b7 \u03c3\u03c7\u03cc\u03bb\u03b9\u03bf\u03c5",
    "EXTERNAL_INPUTS": "External Inputs",
    "INLINE_INPUTS": "Inline Inputs",
    "DELETE_BLOCK": "\u0394\u03b9\u03b1\u03b3\u03c1\u03b1\u03c6\u03ae \u03bc\u03c0\u03bb\u03bf\u03ba",
    "DELETE_X_BLOCKS": "\u0394\u03b9\u03b1\u03b3\u03c1\u03b1\u03c6\u03ae %1 \u03bc\u03c0\u03bb\u03bf\u03ba",
    "COLLAPSE_BLOCK": "\u03a3\u03c5\u03bc\u03c0\u03c4\u03cd\u03be\u03b5\u03c4\u03b5 \u03bc\u03c0\u03bb\u03bf\u03ba",
    "COLLAPSE_ALL": "\u03a3\u03c5\u03bc\u03c0\u03c4\u03cd\u03be\u03c4\u03b5 \u03cc\u03bb\u03b1",
    "EXPAND_BLOCK": "\u0395\u03c0\u03b5\u03ba\u03c4\u03b5\u03af\u03bd\u03b5\u03c4\u03b5 \u03c4\u03bf \u03bc\u03c0\u03bb\u03bf\u03ba",
    "EXPAND_ALL": "\u0395\u03c0\u03b5\u03ba\u03c4\u03b5\u03af\u03bd\u03b5\u03c4\u03b5 \u03cc\u03bb\u03b1",
    "DISABLE_BLOCK": "\u0391\u03c0\u03b5\u03bd\u03b5\u03c1\u03b3\u03bf\u03c0\u03bf\u03af\u03b7\u03c3\u03b7 \u03bc\u03c0\u03bb\u03bf\u03ba",
    "ENABLE_BLOCK": "\u0395\u03bd\u03b5\u03c1\u03b3\u03bf\u03c0\u03bf\u03af\u03b7\u03c3\u03b7 \u03bc\u03c0\u03bb\u03bf\u03ba",
    "HELP": "\u0392\u03bf\u03ae\u03b8\u03b5\u03b9\u03b1",
    "CHANGE_VALUE_TITLE": "\u0391\u03bb\u03bb\u03ac\u03be\u03c4\u03b5 \u03c4\u03b7\u03bd \u03c4\u03b9\u03bc\u03ae:",
    "NEW_VARIABLE": "\u039d\u03ad\u03b1 \u03bc\u03b5\u03c4\u03b1\u03b2\u03bb\u03b7\u03c4\u03ae...",
    "NEW_VARIABLE_TITLE": "\u039d\u03ad\u03bf \u03cc\u03bd\u03bf\u03bc\u03b1 \u03bc\u03b5\u03c4\u03b1\u03b2\u03bb\u03b7\u03c4\u03ae\u03c2:",
    "RENAME_VARIABLE": "\u039c\u03b5\u03c4\u03bf\u03bd\u03bf\u03bc\u03ac\u03c3\u03c4\u03b5 \u03c4\u03b7 \u03bc\u03b5\u03c4\u03b1\u03b2\u03bb\u03b7\u03c4\u03ae...",
    "RENAME_VARIABLE_TITLE": "\u039c\u03b5\u03c4\u03bf\u03bd\u03bf\u03bc\u03b1\u03c3\u03af\u03b1 \u03cc\u03bb\u03c9\u03bd \u03c4\u03c9\u03bd \u03bc\u03b5\u03c4\u03b1\u03b2\u03bb\u03b7\u03c4\u03ce\u03bd '%1' \u03c3\u03b5:",
    "COLOUR_PICKER_HELPURL": "https://el.wikipedia.org/wiki/\u03a7\u03c1\u03ce\u03bc\u03b1",
    "COLOUR_PICKER_TOOLTIP": "\u0395\u03c0\u03b9\u03bb\u03ad\u03be\u03c4\u03b5 \u03ad\u03bd\u03b1 \u03c7\u03c1\u03ce\u03bc\u03b1 \u03b1\u03c0\u03cc \u03c4\u03b7\u03bd \u03c0\u03b1\u03bb\u03ad\u03c4\u03b1.",
    "COLOUR_RANDOM_TITLE": "\u03c4\u03c5\u03c7\u03b1\u03af\u03bf \u03c7\u03c1\u03ce\u03bc\u03b1",
    "COLOUR_RANDOM_TOOLTIP": "\u0395\u03c0\u03b9\u03bb\u03ad\u03be\u03c4\u03b5 \u03ad\u03bd\u03b1 \u03c7\u03c1\u03ce\u03bc\u03b1 \u03c4\u03c5\u03c7\u03b1\u03af\u03b1.",
    "COLOUR_RGB_HELPURL": "http://www.december.com/html/spec/colorper.html",
    "COLOUR_RGB_TITLE": "\u03c7\u03c1\u03ce\u03bc\u03b1 \u03bc\u03b5",
    "COLOUR_RGB_RED": "\u03ba\u03cc\u03ba\u03ba\u03b9\u03bd\u03bf",
    "COLOUR_RGB_GREEN": "\u03c0\u03c1\u03ac\u03c3\u03b9\u03bd\u03bf",
    "COLOUR_RGB_BLUE": "\u03bc\u03c0\u03bb\u03b5",
    "COLOUR_RGB_TOOLTIP": "\u0394\u03b7\u03bc\u03b9\u03bf\u03c5\u03c1\u03b3\u03ae\u03c3\u03c4\u03b5 \u03ad\u03bd\u03b1 \u03c7\u03c1\u03ce\u03bc\u03b1 \u03bc\u03b5 \u03c4\u03bf \u03c3\u03c5\u03b3\u03ba\u03b5\u03ba\u03c1\u03b9\u03bc\u03ad\u03bd\u03bf \u03c0\u03bf\u03c3\u03cc \u03c4\u03bf\u03c5 \u03ba\u03cc\u03ba\u03ba\u03b9\u03bd\u03bf\u03c5, \u03c0\u03c1\u03ac\u03c3\u03b9\u03bd\u03bf\u03c5 \u03ba\u03b1\u03b9 \u03bc\u03c0\u03bb\u03b5.  \u038c\u03bb\u03b5\u03c2 \u03bf\u03b9 \u03c4\u03b9\u03bc\u03ad\u03c2 \u03c0\u03c1\u03ad\u03c0\u03b5\u03b9 \u03bd\u03b1 \u03b5\u03af\u03bd\u03b1\u03b9 \u03bc\u03b5\u03c4\u03b1\u03be\u03cd 0 \u03ba\u03b1\u03b9 100.",
    "COLOUR_BLEND_HELPURL": "http://meyerweb.com/eric/tools/color-blend/",
    "COLOUR_BLEND_TITLE": "\u03bc\u03b5\u03af\u03b3\u03bc\u03b1",
    "COLOUR_BLEND_COLOUR1": "\u03c7\u03c1\u03ce\u03bc\u03b1 1",
    "COLOUR_BLEND_COLOUR2": "\u03c7\u03c1\u03ce\u03bc\u03b1 2",
    "COLOUR_BLEND_RATIO": "\u03b1\u03bd\u03b1\u03bb\u03bf\u03b3\u03af\u03b1",
    "COLOUR_BLEND_TOOLTIP": "\u03a3\u03c5\u03bd\u03b4\u03c5\u03ac\u03b6\u03b5\u03b9 \u03b4\u03cd\u03bf \u03c7\u03c1\u03ce\u03bc\u03b1\u03c4\u03b1 \u03bc\u03b1\u03b6\u03af \u03bc\u03b5 \u03bc\u03b9\u03b1 \u03b4\u03b5\u03b4\u03bf\u03bc\u03ad\u03bd\u03b7 \u03b1\u03bd\u03b1\u03bb\u03bf\u03b3\u03af\u03b1 (0.0 - 1.0).",
    "CONTROLS_REPEAT_HELPURL": "https://en.wikipedia.org/wiki/For_loop",
    "CONTROLS_REPEAT_TITLE": "\u0395\u03c0\u03b1\u03bd\u03b1\u03bb\u03ac\u03b2\u03b5\u03c4\u03b5 %1 \u03c6\u03bf\u03c1\u03ad\u03c2",
    "CONTROLS_REPEAT_TITLE_REPEAT": "\u03b5\u03c0\u03b1\u03bd\u03b1\u03bb\u03ac\u03b2\u03b5\u03c4\u03b5",
    "CONTROLS_REPEAT_TITLE_TIMES": "\u03c6\u03bf\u03c1\u03ad\u03c2",
    "CONTROLS_REPEAT_INPUT_DO": "\u03ba\u03ac\u03bd\u03b5",
    "CONTROLS_REPEAT_TOOLTIP": "\u039a\u03ac\u03bd\u03b5\u03b9 \u03ba\u03ac\u03c0\u03bf\u03b9\u03b5\u03c2 \u03b5\u03bd\u03c4\u03bf\u03bb\u03ad\u03c2 \u03b1\u03c1\u03ba\u03b5\u03c4\u03ad\u03c2 \u03c6\u03bf\u03c1\u03ad\u03c2.",
    "CONTROLS_WHILEUNTIL_HELPURL": "http://code.google.com/p/blockly/wiki/Repeat \u0395\u03a0\u0391\u039d\u0391\u039b\u0391\u0392\u0395",
    "CONTROLS_WHILEUNTIL_OPERATOR_WHILE": "\u03b5\u03c0\u03b1\u03bd\u03ac\u03bb\u03b1\u03b2\u03b5 \u03b5\u03bd\u03ce",
    "CONTROLS_WHILEUNTIL_OPERATOR_UNTIL": "\u03b5\u03c0\u03b1\u03bd\u03ac\u03bb\u03b1\u03b2\u03b5 \u03bc\u03ad\u03c7\u03c1\u03b9",
    "CONTROLS_WHILEUNTIL_TOOLTIP_WHILE": "\u0395\u03bd\u03cc\u03c3\u03c9 \u03bc\u03b9\u03b1 \u03c4\u03b9\u03bc\u03ae \u03b5\u03af\u03bd\u03b1\u03b9 \u03b1\u03bb\u03b7\u03b8\u03ae\u03c2, \u03c4\u03cc\u03c4\u03b5 \u03ba\u03ac\u03bd\u03b5 \u03ba\u03ac\u03c0\u03bf\u03b9\u03b5\u03c2 \u03b5\u03bd\u03c4\u03bf\u03bb\u03ad\u03c2.",
    "CONTROLS_WHILEUNTIL_TOOLTIP_UNTIL": "\u0395\u03bd\u03cc\u03c3\u03c9 \u03bc\u03b9\u03b1 \u03c4\u03b9\u03bc\u03ae \u03b5\u03af\u03bd\u03b1\u03b9 \u03c8\u03b5\u03c5\u03b4\u03ae\u03c2, \u03c4\u03cc\u03c4\u03b5 \u03ba\u03ac\u03bd\u03b5 \u03ba\u03ac\u03c0\u03bf\u03b9\u03b5\u03c2 \u03b5\u03bd\u03c4\u03bf\u03bb\u03ad\u03c2.",
    "CONTROLS_FOR_HELPURL": "Blockly",
    "CONTROLS_FOR_TOOLTIP": "\u0397 \u03bc\u03b5\u03c4\u03b1\u03b2\u03bb\u03b7\u03c4\u03ae %1 \u03c0\u03b1\u03af\u03c1\u03bd\u03b5\u03b9 \u03c4\u03b9\u03bc\u03ad\u03c2 \u03be\u03b5\u03ba\u03b9\u03bd\u03ce\u03bd\u03c4\u03b1\u03c2 \u03b1\u03c0\u03cc \u03c4\u03bf\u03bd \u03b1\u03c1\u03b9\u03b8\u03bc\u03cc \u03ad\u03bd\u03b1\u03c1\u03be\u03b7\u03c2 \u03bc\u03ad\u03c7\u03c1\u03b9 \u03c4\u03bf\u03bd \u03b1\u03c1\u03b9\u03b8\u03bc\u03cc \u03c4\u03ad\u03bb\u03bf\u03c5\u03c2 \u03b1\u03c5\u03be\u03ac\u03bd\u03c9\u03bd\u03c4\u03b1\u03c2 \u03ba\u03ac\u03b8\u03b5 \u03c6\u03bf\u03c1\u03ac \u03bc\u03b5 \u03c4\u03bf \u03ba\u03b1\u03b8\u03bf\u03c1\u03b9\u03c3\u03bc\u03ad\u03bd\u03bf \u03b2\u03ae\u03bc\u03b1 \u03ba\u03b1\u03b9 \u03ba\u03ac\u03bd\u03c9\u03bd\u03c4\u03b1\u03c2 \u03c4\u03bf \u03ba\u03b1\u03b8\u03bf\u03c1\u03b9\u03c3\u03bc\u03ad\u03bd\u03bf \u03bc\u03c0\u03bb\u03bf\u03ba.",
    "CONTROLS_FOR_INPUT_WITH": "\u03bc\u03ad\u03c4\u03c1\u03b7\u03c3\u03b5 \u03bc\u03b5",
    "CONTROLS_FOR_INPUT_FROM_TO_BY": "\u03b1\u03c0\u03cc \u03c4\u03bf %1 \u03ad\u03c9\u03c2 \u03c4\u03bf %2 \u03b1\u03bd\u03ac %3",
    "CONTROLS_FOREACH_HELPURL": "https://code.Google.com/p/blockly/wiki/loops#for _each \u0393\u0399\u0391 \u039a\u0391\u0398\u0395 \u03bc\u03c0\u03bb\u03bf\u03ba",
    "CONTROLS_FOREACH_INPUT_ITEM": "\u03b3\u03b9\u03b1 \u03ba\u03ac\u03b8\u03b5 \u03c3\u03c4\u03bf\u03b9\u03c7\u03b5\u03af\u03bf",
    "CONTROLS_FOREACH_INPUT_INLIST": "\u03c3\u03c4\u03b7 \u03bb\u03af\u03c3\u03c4\u03b1",
    "CONTROLS_FOREACH_TOOLTIP": "\u0393\u03b9\u03b1 \u03ba\u03ac\u03b8\u03b5 \u03c3\u03c4\u03bf\u03b9\u03c7\u03b5\u03af\u03bf \u03c3\u03b5 \u03bc\u03b9\u03b1 \u03bb\u03af\u03c3\u03c4\u03b1, \u03bf\u03c1\u03af\u03c3\u03c4\u03b5 \u03c4\u03b7 \u03bc\u03b5\u03c4\u03b1\u03b2\u03bb\u03b7\u03c4\u03ae '%1' \u03c3\u03c4\u03bf \u03c3\u03c4\u03bf\u03b9\u03c7\u03b5\u03af\u03bf \u03ba\u03b1\u03b9, \u03c3\u03c4\u03b7 \u03c3\u03c5\u03bd\u03ad\u03c7\u03b5\u03b9\u03b1 \u03ba\u03ac\u03bd\u03b5\u03b9 \u03ba\u03ac\u03c0\u03bf\u03b9\u03b5\u03c2 \u03b5\u03bd\u03c4\u03bf\u03bb\u03ad\u03c2.",
    "CONTROLS_FLOW_STATEMENTS_OPERATOR_BREAK": "\u03c6\u03b5\u03cd\u03b3\u03b5\u03b9 \u03b1\u03c0\u03cc \u03c4\u03bf \u03b2\u03c1\u03cc\u03c7\u03bf",
    "CONTROLS_FLOW_STATEMENTS_OPERATOR_CONTINUE": "\u03c3\u03c5\u03bd\u03b5\u03c7\u03af\u03c3\u03c4\u03b5 \u03bc\u03b5 \u03c4\u03b7\u03bd \u03b5\u03c0\u03cc\u03bc\u03b5\u03bd\u03b7 \u03b5\u03c0\u03b1\u03bd\u03ac\u03bb\u03b7\u03c8\u03b7 \u03c4\u03bf\u03c5 \u03b2\u03c1\u03cc\u03c7\u03bf\u03c5",
    "CONTROLS_FLOW_STATEMENTS_TOOLTIP_BREAK": "\u039e\u03b5\u03c6\u03b5\u03cd\u03b3\u03b5\u03b9 (\u03b2\u03b3\u03b1\u03af\u03bd\u03b5\u03b9 \u03ad\u03be\u03c9) \u03b1\u03c0\u03cc \u03c4\u03bf \u03b2\u03c1\u03cc\u03b3\u03c7\u03bf.",
    "CONTROLS_FLOW_STATEMENTS_TOOLTIP_CONTINUE": "\u03a0\u03b1\u03c1\u03b1\u03bb\u03b5\u03af\u03c0\u03b5\u03b9 \u03c4\u03bf \u03c5\u03c0\u03cc\u03bb\u03bf\u03b9\u03c0\u03bf \u03c4\u03bc\u03ae\u03bc\u03b1 \u03b1\u03c5\u03c4\u03bf\u03cd \u03c4\u03bf\u03c5 \u03b2\u03c1\u03cc\u03b3\u03c7\u03bf\u03c5, \u03ba\u03b1\u03b9 \u03c3\u03c5\u03bd\u03b5\u03c7\u03af\u03b6\u03b5\u03b9 \u03bc\u03b5 \u03c4\u03b7\u03bd \u03b5\u03c0\u03cc\u03bc\u03b5\u03bd\u03b7 \u03b5\u03c0\u03b1\u03bd\u03ac\u03bb\u03b7\u03c8\u03b7.",
    "CONTROLS_FLOW_STATEMENTS_WARNING": "\u03a0\u03c1\u03bf\u03b5\u03b9\u03b4\u03bf\u03c0\u03bf\u03af\u03b7\u03c3\u03b7: \u0391\u03c5\u03c4\u03cc \u03c4\u03bf \u03bc\u03c0\u03bb\u03bf\u03ba \u03bc\u03c0\u03bf\u03c1\u03b5\u03af \u03bd\u03b1 \u03c7\u03c1\u03b7\u03c3\u03b9\u03bc\u03bf\u03c0\u03bf\u03b9\u03b7\u03b8\u03b5\u03af \u03bc\u03cc\u03bd\u03bf \u03bc\u03ad\u03c3\u03b1 \u03c3\u03b5 \u03ad\u03bd\u03b1 \u03b2\u03c1\u03cc\u03b3\u03c7\u03bf.",
    "CONTROLS_IF_HELPURL": "http://code.google.com/p/blockly/wiki/If_Then \u0391\u039d_\u03a4\u039f\u03a4\u0395",
    "CONTROLS_IF_TOOLTIP_1": "\u0391\u03bd \u03bc\u03b9\u03b1 \u03c4\u03b9\u03bc\u03ae \u03b5\u03af\u03bd\u03b1\u03b9 \u03b1\u03bb\u03b7\u03b8\u03ae\u03c2, \u03c4\u03cc\u03c4\u03b5 \u03b5\u03ba\u03c4\u03b5\u03bb\u03b5\u03af \u03ba\u03ac\u03c0\u03bf\u03b9\u03b5\u03c2 \u03b5\u03bd\u03c4\u03bf\u03bb\u03ad\u03c2.",
    "CONTROLS_IF_TOOLTIP_2": "\u0391\u03bd \u03bc\u03b9\u03b1 \u03c4\u03b9\u03bc\u03ae \u03b5\u03af\u03bd\u03b1\u03b9 \u03b1\u03bb\u03b7\u03b8\u03ae\u03c2, \u03c4\u03cc\u03c4\u03b5 \u03b5\u03ba\u03c4\u03b5\u03bb\u03b5\u03af \u03c4\u03bf \u03c0\u03c1\u03ce\u03c4\u03bf \u03c4\u03bc\u03ae\u03bc\u03b1 \u03b5\u03bd\u03c4\u03bf\u03bb\u03ce\u03bd.  \u0394\u03b9\u03b1\u03c6\u03bf\u03c1\u03b5\u03c4\u03b9\u03ba\u03ac, \u03b5\u03ba\u03c4\u03b5\u03bb\u03b5\u03af \u03c4\u03bf \u03b4\u03b5\u03cd\u03c4\u03b5\u03c1\u03bf \u03c4\u03bc\u03ae\u03bc\u03b1 \u03b5\u03bd\u03c4\u03bf\u03bb\u03ce\u03bd.",
    "CONTROLS_IF_TOOLTIP_3": "\u0391\u03bd \u03b7 \u03c0\u03c1\u03ce\u03c4\u03b7 \u03c4\u03b9\u03bc\u03ae \u03b5\u03af\u03bd\u03b1\u03b9 \u03b1\u03bb\u03b7\u03b8\u03ae\u03c2, \u03c4\u03cc\u03c4\u03b5 \u03b5\u03ba\u03c4\u03b5\u03bb\u03b5\u03af \u03c4\u03bf \u03c0\u03c1\u03ce\u03c4\u03bf \u03c4\u03bc\u03ae\u03bc\u03b1 \u03b5\u03bd\u03c4\u03bf\u03bb\u03ce\u03bd. \u0394\u03b9\u03b1\u03c6\u03bf\u03c1\u03b5\u03c4\u03b9\u03ba\u03ac, \u03b1\u03bd \u03b7 \u03b4\u03b5\u03cd\u03c4\u03b5\u03c1\u03b7 \u03c4\u03b9\u03bc\u03ae \u03b5\u03af\u03bd\u03b1\u03b9 \u03b1\u03bb\u03b7\u03b8\u03ae\u03c2, \u03b5\u03ba\u03c4\u03b5\u03bb\u03b5\u03af \u03c4\u03bf \u03b4\u03b5\u03cd\u03c4\u03b5\u03c1\u03bf \u03bc\u03c0\u03bb\u03bf\u03ba \u03b5\u03bd\u03c4\u03bf\u03bb\u03ce\u03bd.",
    "CONTROLS_IF_TOOLTIP_4": "\u0391\u03bd \u03b7 \u03c0\u03c1\u03ce\u03c4\u03b7 \u03c4\u03b9\u03bc\u03ae \u03b5\u03af\u03bd\u03b1\u03b9 \u03b1\u03bb\u03b7\u03b8\u03ae\u03c2, \u03c4\u03cc\u03c4\u03b5 \u03b5\u03ba\u03c4\u03b5\u03bb\u03b5\u03af \u03c4\u03bf \u03c0\u03c1\u03ce\u03c4\u03bf \u03c4\u03bc\u03ae\u03bc\u03b1 \u03b5\u03bd\u03c4\u03bf\u03bb\u03ce\u03bd.  \u0394\u03b9\u03b1\u03c6\u03bf\u03c1\u03b5\u03c4\u03b9\u03ba\u03ac, \u03b1\u03bd \u03b7 \u03b4\u03b5\u03cd\u03c4\u03b5\u03c1\u03b7 \u03c4\u03b9\u03bc\u03ae \u03b5\u03af\u03bd\u03b1\u03b9 \u03b1\u03bb\u03b7\u03b8\u03ae\u03c2, \u03b5\u03ba\u03c4\u03b5\u03bb\u03b5\u03af \u03c4\u03bf \u03b4\u03b5\u03cd\u03c4\u03b5\u03c1\u03bf \u03c4\u03bc\u03ae\u03bc\u03b1 \u03b5\u03bd\u03c4\u03bf\u03bb\u03ce\u03bd. \u0391\u03bd \u03ba\u03b1\u03bc\u03af\u03b1 \u03b1\u03c0\u03cc \u03c4\u03b9\u03c2 \u03c4\u03b9\u03bc\u03ad\u03c2 \u03b4\u03b5\u03bd \u03b5\u03af\u03bd\u03b1\u03b9 \u03b1\u03bb\u03b7\u03b8\u03ae\u03c2, \u03b5\u03ba\u03c4\u03b5\u03bb\u03b5\u03af \u03c4\u03bf \u03c4\u03b5\u03bb\u03b5\u03c5\u03c4\u03b1\u03af\u03bf \u03c4\u03bc\u03ae\u03bc\u03b1 \u03b5\u03bd\u03c4\u03bf\u03bb\u03ce\u03bd.",
    "CONTROLS_IF_MSG_IF": "\u0386\u03bd",
    "CONTROLS_IF_MSG_ELSEIF": "\u03b1\u03bb\u03bb\u03b9\u03ce\u03c2 \u03ac\u03bd",
    "CONTROLS_IF_MSG_ELSE": "\u03b1\u03bb\u03bb\u03b9\u03ce\u03c2",
    "CONTROLS_IF_IF_TOOLTIP": "\u03a0\u03c1\u03cc\u03c3\u03b8\u03b5\u03c3\u03b5, \u03b1\u03c6\u03b1\u03af\u03c1\u03b5\u03c3\u03b5, \u03ae \u03b1\u03bd\u03b1\u03b4\u03b9\u03ac\u03c4\u03b1\u03be\u03b5 \u03c4\u03b1 \u03c4\u03bc\u03ae\u03bc\u03b1\u03c4\u03b1 \u03b3\u03b9\u03b1 \u03bd\u03b1 \u03b1\u03bd\u03b1\u03b4\u03b9\u03b1\u03bc\u03bf\u03c1\u03c6\u03ce\u03c3\u03b5\u03b9\u03c2 \u03b1\u03c5\u03c4\u03cc \u03c4\u03bf \u03c4\u03bc\u03ae\u03bc\u03b1 \u03b5\u03ac\u03bd.",
    "CONTROLS_IF_ELSEIF_TOOLTIP": "\u03a0\u03c1\u03cc\u03c3\u03b8\u03b5\u03c3\u03b5 \u03bc\u03b9\u03b1 \u03ba\u03b1\u03c4\u03ac\u03c3\u03c4\u03b1\u03c3\u03b7/\u03c3\u03c5\u03bd\u03b8\u03ae\u03ba\u03b7 \u03c3\u03c4\u03bf \u03c4\u03bc\u03ae\u03bc\u03b1 \u03b5\u03ac\u03bd.",
    "CONTROLS_IF_ELSE_TOOLTIP": "\u03a0\u03c1\u03cc\u03c3\u03b8\u03b5\u03c3\u03b5 \u03bc\u03b9\u03b1 \u03c4\u03b5\u03bb\u03b9\u03ba\u03ae \u03ba\u03b1\u03c4\u03ac\u03c3\u03c4\u03b1\u03c3\u03b7/\u03c3\u03c5\u03bd\u03b8\u03ae\u03ba\u03b7, \u03c0\u03bf\u03c5 \u03c0\u03b9\u03ac\u03bd\u03b5\u03b9 \u03cc\u03bb\u03b5\u03c2 \u03c4\u03b9\u03c2 \u03ac\u03bb\u03bb\u03b5\u03c2 \u03c0\u03b5\u03c1\u03b9\u03c0\u03c4\u03ce\u03c3\u03b5\u03b9\u03c2, \u03c3\u03c4\u03bf \u03c4\u03bc\u03ae\u03bc\u03b1 \u03b5\u03ac\u03bd.",
    "LOGIC_COMPARE_HELPURL": "https://en.wikipedia.org/wiki/Inequality_(mathematics)",
    "LOGIC_COMPARE_TOOLTIP_EQ": "\u0395\u03c0\u03b9\u03c3\u03c4\u03c1\u03ad\u03c6\u03b5\u03b9 \u03b1\u03bb\u03b7\u03b8\u03ae\u03c2 \u03b1\u03bd \u03ba\u03b1\u03b9 \u03bf\u03b9 \u03b4\u03cd\u03bf \u03b5\u03af\u03c3\u03bf\u03b4\u03bf\u03b9 \u03b5\u03af\u03bd\u03b1\u03b9 \u03af\u03c3\u03b5\u03c2 \u03bc\u03b5\u03c4\u03b1\u03be\u03cd \u03c4\u03bf\u03c5\u03c2.",
    "LOGIC_COMPARE_TOOLTIP_NEQ": "\u0395\u03c0\u03b9\u03c3\u03c4\u03c1\u03ad\u03c6\u03b5\u03b9 \u03b1\u03bb\u03b7\u03b8\u03ae\u03c2 \u03b1\u03bd \u03ba\u03b1\u03b9 \u03bf\u03b9 \u03b4\u03cd\u03bf \u03b5\u03af\u03c3\u03bf\u03b4\u03bf\u03b9 \u03b4\u03b5\u03bd \u03b5\u03af\u03bd\u03b1\u03b9 \u03af\u03c3\u03b5\u03c2 \u03bc\u03b5\u03c4\u03b1\u03be\u03cd \u03c4\u03bf\u03c5\u03c2.",
    "LOGIC_COMPARE_TOOLTIP_LT": "\u0395\u03c0\u03b9\u03c3\u03c4\u03c1\u03ad\u03c6\u03b5\u03b9 \u03b1\u03bb\u03b7\u03b8\u03ae\u03c2, \u03b1\u03bd \u03b7 \u03c0\u03c1\u03ce\u03c4\u03b7 \u03b5\u03af\u03c3\u03bf\u03b4\u03bf\u03c2 \u03b5\u03af\u03bd\u03b1\u03b9 \u03bc\u03b9\u03ba\u03c1\u03cc\u03c4\u03b5\u03c1\u03b7 \u03b1\u03c0\u03cc \u03c4\u03b7 \u03b4\u03b5\u03cd\u03c4\u03b5\u03c1\u03b7 \u03b5\u03af\u03c3\u03bf\u03b4\u03bf.",
    "LOGIC_COMPARE_TOOLTIP_LTE": "\u0395\u03c0\u03b9\u03c3\u03c4\u03c1\u03ad\u03c6\u03b5\u03b9 \u03b1\u03bb\u03b7\u03b8\u03ae\u03c2, \u03b1\u03bd \u03b7 \u03c0\u03c1\u03ce\u03c4\u03b7 \u03b5\u03af\u03c3\u03bf\u03b4\u03bf\u03c2 \u03b5\u03af\u03bd\u03b1\u03b9 \u03bc\u03b9\u03ba\u03c1\u03cc\u03c4\u03b5\u03c1\u03b7 \u03b1\u03c0\u03cc \u03ae \u03af\u03c3\u03b7 \u03bc\u03b5 \u03c4\u03b7 \u03b4\u03b5\u03cd\u03c4\u03b5\u03c1\u03b7 \u03b5\u03af\u03c3\u03bf\u03b4\u03bf.",
    "LOGIC_COMPARE_TOOLTIP_GT": "\u0395\u03c0\u03b9\u03c3\u03c4\u03c1\u03ad\u03c6\u03b5\u03b9 \u03b1\u03bb\u03b7\u03b8\u03ae\u03c2 \u03b1\u03bd \u03b7 \u03c0\u03c1\u03ce\u03c4\u03b7 \u03b5\u03af\u03c3\u03bf\u03b4\u03bf\u03c2 \u03b5\u03af\u03bd\u03b1\u03b9 \u03bc\u03b5\u03b3\u03b1\u03bb\u03cd\u03c4\u03b5\u03c1\u03b7 \u03b1\u03c0\u03cc \u03c4\u03b7 \u03b4\u03b5\u03cd\u03c4\u03b5\u03c1\u03b7 \u03b5\u03af\u03c3\u03bf\u03b4\u03bf.",
    "LOGIC_COMPARE_TOOLTIP_GTE": "\u0395\u03c0\u03b9\u03c3\u03c4\u03c1\u03ad\u03c6\u03b5\u03b9 \u03b1\u03bb\u03b7\u03b8\u03ae\u03c2 \u03b1\u03bd \u03b7 \u03c0\u03c1\u03ce\u03c4\u03b7 \u03b5\u03af\u03c3\u03bf\u03b4\u03bf\u03c2 \u03b5\u03af\u03bd\u03b1\u03b9 \u03bc\u03b9\u03ba\u03c1\u03cc\u03c4\u03b5\u03c1\u03b7 \u03ae \u03af\u03c3\u03b7 \u03bc\u03b5 \u03c4\u03b7 \u03b4\u03b5\u03cd\u03c4\u03b5\u03c1\u03b7 \u03b5\u03af\u03c3\u03bf\u03b4\u03bf.",
    "LOGIC_OPERATION_HELPURL": "http://code.google.com/p/blockly/wiki/And_Or \u039a\u0391\u0399_\u0389",
    "LOGIC_OPERATION_TOOLTIP_AND": "\u0395\u03c0\u03b9\u03c3\u03c4\u03c1\u03ad\u03c6\u03b5\u03b9 \u03b1\u03bb\u03b7\u03b8\u03ae\u03c2 \u03b1\u03bd \u03ba\u03b1\u03b9 \u03bf\u03b9 \u03b4\u03cd\u03bf \u03b5\u03af\u03c3\u03bf\u03b4\u03bf\u03b9 \u03b5\u03af\u03bd\u03b1\u03b9 \u03b1\u03bb\u03b7\u03b8\u03ae\u03c2.",
    "LOGIC_OPERATION_AND": "\u03ba\u03b1\u03b9",
    "LOGIC_OPERATION_TOOLTIP_OR": "\u0395\u03c0\u03ad\u03c3\u03c4\u03c1\u03b5\u03c8\u03b5 \u0391\u03bb\u03b7\u03b8\u03ae\u03c2 \u03b1\u03bd \u03c4\u03bf\u03c5\u03bb\u03ac\u03c7\u03b9\u03c3\u03c4\u03bf\u03bd \u03bc\u03b9\u03b1 \u03b1\u03c0\u03cc \u03c4\u03b9\u03c2 \u03b5\u03b9\u03c3\u03cc\u03b4\u03bf\u03c5\u03c2 \u03b5\u03af\u03bd\u03b1\u03b9 \u03b1\u03bb\u03b7\u03b8\u03ae\u03c2.",
    "LOGIC_OPERATION_OR": "\u03ae",
    "LOGIC_NEGATE_HELPURL": "http://code.google.com/p/blockly/wiki/Not",
    "LOGIC_NEGATE_TITLE": "\u03cc\u03c7\u03b9 %1",
    "LOGIC_NEGATE_TOOLTIP": "\u0395\u03c0\u03b9\u03c3\u03c4\u03c1\u03ad\u03c6\u03b5\u03b9 \u03b1\u03bb\u03b7\u03b8\u03ae\u03c2 \u03b1\u03bd \u03b7 \u03b5\u03af\u03c3\u03bf\u03b4\u03bf\u03c2 \u03b5\u03af\u03bd\u03b1\u03b9 \u03c8\u03b5\u03c5\u03b4\u03ae\u03c2. \u0395\u03c0\u03b9\u03c3\u03c4\u03c1\u03ad\u03c6\u03b5\u03b9 \u03c8\u03b5\u03c5\u03b4\u03ae\u03c2 \u03b1\u03bd \u03b7 \u03b5\u03af\u03c3\u03bf\u03b4\u03bf\u03c2 \u03b5\u03af\u03bd\u03b1\u03b9 \u03b1\u03bb\u03b7\u03b8\u03ae\u03c2.",
    "LOGIC_BOOLEAN_HELPURL": "http://code.google.com/p/blockly/wiki/True_False",
    "LOGIC_BOOLEAN_TRUE": "\u03b1\u03bb\u03b7\u03b8\u03ae\u03c2",
    "LOGIC_BOOLEAN_FALSE": "\u03c8\u03b5\u03c5\u03b4\u03ae\u03c2",
    "LOGIC_BOOLEAN_TOOLTIP": "\u0395\u03c0\u03b9\u03c3\u03c4\u03c1\u03ad\u03c6\u03b5\u03b9 \u03b5\u03af\u03c4\u03b5 \u03b1\u03bb\u03b7\u03b8\u03ae\u03c2 \u03b5\u03af\u03c4\u03b5 \u03c8\u03b5\u03c5\u03b4\u03ae\u03c2.",
    "LOGIC_NULL_HELPURL": "https://en.wikipedia.org/wiki/Nullable_type",
    "LOGIC_NULL": "\u03ba\u03b5\u03bd\u03cc",
    "LOGIC_NULL_TOOLTIP": "\u0395\u03c0\u03b9\u03c3\u03c4\u03c1\u03ad\u03c6\u03b5\u03b9 \u03ba\u03b5\u03bd\u03cc",
    "LOGIC_TERNARY_HELPURL": "https://en.wikipedia.org/wiki/%3F:",
    "LOGIC_TERNARY_CONDITION": "\u03ad\u03bb\u03b5\u03b3\u03c7\u03bf\u03c2",
    "LOGIC_TERNARY_IF_TRUE": "\u03ac\u03bd \u03b1\u03bb\u03b7\u03b8\u03ae\u03c2",
    "LOGIC_TERNARY_IF_FALSE": "\u03b1\u03bd \u03c8\u03b5\u03c5\u03b4\u03ae\u03c2",
    "LOGIC_TERNARY_TOOLTIP": "\u0395\u03bb\u03ad\u03b3\u03c7\u03b5\u03b9 \u03c4\u03b7\u03bd \u03ba\u03b1\u03c4\u03ac\u03c3\u03c4\u03b1\u03c3\u03b7/\u03c3\u03c5\u03bd\u03b8\u03ae\u03ba\u03b7 \u03c3\u03c4\u03bf\u03bd '\u03ad\u03bb\u03b5\u03b3\u03c7\u03bf'. \u0391\u03bd \u03b7 \u03ba\u03b1\u03c4\u03ac\u03c3\u03c4\u03b1\u03c3\u03b7/\u03c3\u03c5\u03bd\u03b8\u03ae\u03ba\u03b7 \u03b5\u03af\u03bd\u03b1\u03b9 \u03b1\u03bb\u03b7\u03b8\u03ae\u03c2, \u03b5\u03c0\u03b9\u03c3\u03c4\u03c1\u03ad\u03c6\u03b5\u03b9 \u03c4\u03b7\u03bd \u03c4\u03b9\u03bc\u03ae '\u03b1\u03bd \u03b1\u03bb\u03b7\u03b8\u03ae\u03c2', \u03b4\u03b9\u03b1\u03c6\u03bf\u03c1\u03b5\u03c4\u03b9\u03ba\u03ac \u03b5\u03c0\u03b9\u03c3\u03c4\u03c1\u03ad\u03c6\u03b5\u03b9 \u03c4\u03b7\u03bd \u03c4\u03b9\u03bc\u03ae '\u03b1\u03bd \u03c8\u03b5\u03c5\u03b4\u03ae\u03c2'.",
    "MATH_NUMBER_HELPURL": "https://el.wikipedia.org/wiki/\u0391\u03c1\u03b9\u03b8\u03bc\u03cc\u03c2",
    "MATH_NUMBER_TOOLTIP": "\u0388\u03bd\u03b1\u03c2 \u03b1\u03c1\u03b9\u03b8\u03bc\u03cc\u03c2.",
    "MATH_ADDITION_SYMBOL": "+",
    "MATH_SUBTRACTION_SYMBOL": "-",
    "MATH_DIVISION_SYMBOL": "\u00f7",
    "MATH_MULTIPLICATION_SYMBOL": "\u00d7",
    "MATH_POWER_SYMBOL": "^ \u03cd\u03c8\u03c9\u03c3\u03b7 \u03c3\u03b5 \u03b4\u03cd\u03bd\u03b1\u03bc\u03b7",
    "MATH_TRIG_SIN": "\u03b7\u03bc",
    "MATH_TRIG_COS": "\u03c3\u03c5\u03bd",
    "MATH_TRIG_TAN": "\u03b5\u03c6",
    "MATH_TRIG_ASIN": "asin",
    "MATH_TRIG_ACOS": "acos",
    "MATH_TRIG_ATAN": "atan",
    "MATH_ARITHMETIC_HELPURL": "https://el.wikipedia.org/wiki/\u0391\u03c1\u03b9\u03b8\u03bc\u03b7\u03c4\u03b9\u03ba\u03ae",
    "MATH_ARITHMETIC_TOOLTIP_ADD": "\u0395\u03c0\u03b9\u03c3\u03c4\u03c1\u03ad\u03c6\u03b5\u03b9 \u03c4\u03bf \u03ac\u03b8\u03c1\u03bf\u03b9\u03c3\u03bc\u03b1 \u03c4\u03c9\u03bd \u03b4\u03cd\u03bf \u03b1\u03c1\u03b9\u03b8\u03bc\u03ce\u03bd.",
    "MATH_ARITHMETIC_TOOLTIP_MINUS": "\u0395\u03c0\u03b9\u03c3\u03c4\u03c1\u03ad\u03c6\u03b5\u03b9 \u03c4\u03b7 \u03b4\u03b9\u03b1\u03c6\u03bf\u03c1\u03ac \u03c4\u03c9\u03bd \u03b4\u03cd\u03bf \u03b1\u03c1\u03b9\u03b8\u03bc\u03ce\u03bd.",
    "MATH_ARITHMETIC_TOOLTIP_MULTIPLY": "\u0395\u03c0\u03b9\u03c3\u03c4\u03c1\u03ad\u03c6\u03b5\u03b9 \u03c4\u03bf \u03c0\u03c1\u03bf\u03ca\u03cc\u03bd \u03c4\u03c9\u03bd \u03b4\u03cd\u03bf \u03b1\u03c1\u03b9\u03b8\u03bc\u03ce\u03bd.",
    "MATH_ARITHMETIC_TOOLTIP_DIVIDE": "\u0395\u03c0\u03b9\u03c3\u03c4\u03c1\u03ad\u03c6\u03b5\u03b9 \u03c4\u03bf \u03c0\u03b7\u03bb\u03af\u03ba\u03bf \u03c4\u03c9\u03bd \u03b4\u03cd\u03bf \u03b1\u03c1\u03b9\u03b8\u03bc\u03ce\u03bd.",
    "MATH_ARITHMETIC_TOOLTIP_POWER": "\u0395\u03c0\u03b9\u03c3\u03c4\u03c1\u03ad\u03c6\u03b5\u03b9 \u03c4\u03bf\u03bd \u03c0\u03c1\u03ce\u03c4\u03bf \u03b1\u03c1\u03b9\u03b8\u03bc\u03cc \u03c5\u03c8\u03c9\u03bc\u03ad\u03bd\u03bf \u03c3\u03c4\u03b7 \u03b4\u03cd\u03bd\u03b1\u03bc\u03b7 \u03c4\u03bf\u03c5 \u03b4\u03b5\u03cd\u03c4\u03b5\u03c1\u03bf\u03c5 \u03b1\u03c1\u03b9\u03b8\u03bc\u03bf\u03cd.",
    "MATH_SINGLE_HELPURL": "https://el.wikipedia.org/wiki/\u03a4\u03b5\u03c4\u03c1\u03b1\u03b3\u03c9\u03bd\u03b9\u03ba\u03ae_\u03c1\u03af\u03b6\u03b1",
    "MATH_SINGLE_OP_ROOT": "\u03c4\u03b5\u03c4\u03c1\u03b1\u03b3\u03c9\u03bd\u03b9\u03ba\u03ae \u03c1\u03af\u03b6\u03b1",
    "MATH_SINGLE_TOOLTIP_ROOT": "\u0395\u03c0\u03b9\u03c3\u03c4\u03c1\u03ad\u03c6\u03b5\u03b9 \u03c4\u03b7\u03bd \u03c4\u03b5\u03c4\u03c1\u03b1\u03b3\u03c9\u03bd\u03b9\u03ba\u03ae \u03c1\u03af\u03b6\u03b1 \u03b5\u03bd\u03cc\u03c2 \u03b1\u03c1\u03b9\u03b8\u03bc\u03bf\u03cd.",
    "MATH_SINGLE_OP_ABSOLUTE": "\u03b1\u03c0\u03cc\u03bb\u03c5\u03c4\u03b7",
    "MATH_SINGLE_TOOLTIP_ABS": "\u0395\u03c0\u03b9\u03c3\u03c4\u03c1\u03ad\u03c6\u03b5\u03b9 \u03c4\u03b7\u03bd \u03b1\u03c0\u03cc\u03bb\u03c5\u03c4\u03b7 \u03c4\u03b9\u03bc\u03ae \u03b5\u03bd\u03cc\u03c2 \u03b1\u03c1\u03b9\u03b8\u03bc\u03bf\u03cd.",
    "MATH_SINGLE_TOOLTIP_NEG": "\u0395\u03c0\u03b9\u03c3\u03c4\u03c1\u03ad\u03c6\u03b5\u03b9 \u03c4\u03b7\u03bd \u03ac\u03c1\u03bd\u03b7\u03c3\u03b7 \u03b5\u03bd\u03cc\u03c2 \u03b1\u03c1\u03b9\u03b8\u03bc\u03bf\u03cd.",
    "MATH_SINGLE_TOOLTIP_LN": "\u0395\u03c0\u03b9\u03c3\u03c4\u03c1\u03ad\u03c6\u03b5\u03b9 \u03c4\u03bf \u03bd\u03b5\u03c0\u03ad\u03c1\u03b5\u03b9\u03bf \u03bb\u03bf\u03b3\u03ac\u03c1\u03b9\u03b8\u03bc\u03bf \u03b5\u03bd\u03cc\u03c2 \u03b1\u03c1\u03b9\u03b8\u03bc\u03bf\u03cd.",
    "MATH_SINGLE_TOOLTIP_LOG10": "\u0395\u03c0\u03b9\u03c3\u03c4\u03c1\u03ad\u03c6\u03b5\u03b9 \u03c4\u03bf \u03bb\u03bf\u03b3\u03ac\u03c1\u03b9\u03b8\u03bc\u03bf \u03bc\u03b5 \u03b2\u03ac\u03c3\u03b7 \u03c4\u03bf 10 \u03b5\u03bd\u03cc\u03c2 \u03b1\u03c1\u03b9\u03b8\u03bc\u03bf\u03cd.",
    "MATH_SINGLE_TOOLTIP_EXP": "\u0395\u03c0\u03b9\u03c3\u03c4\u03c1\u03ad\u03c6\u03b5\u03b9 \u03c4\u03bf e \u03c5\u03c8\u03c9\u03bc\u03ad\u03bd\u03bf \u03c3\u03c4\u03b7 \u03b4\u03cd\u03bd\u03b1\u03bc\u03b7 \u03b5\u03bd\u03cc\u03c2 \u03b1\u03c1\u03b9\u03b8\u03bc\u03bf\u03cd.",
    "MATH_SINGLE_TOOLTIP_POW10": "\u0395\u03c0\u03b9\u03c3\u03c4\u03c1\u03ad\u03c6\u03b5\u03b9 \u03c4\u03bf 10 \u03c5\u03c8\u03c9\u03bc\u03ad\u03bd\u03bf \u03c3\u03c4\u03b7 \u03b4\u03cd\u03bd\u03b1\u03bc\u03b7 \u03b5\u03bd\u03cc\u03c2 \u03b1\u03c1\u03b9\u03b8\u03bc\u03bf\u03cd.",
    "MATH_TRIG_HELPURL": "https://el.wikipedia.org/wiki/\u03a4\u03c1\u03b9\u03b3\u03c9\u03bd\u03bf\u03bc\u03b5\u03c4\u03c1\u03b9\u03ba\u03ae_\u03c3\u03c5\u03bd\u03ac\u03c1\u03c4\u03b7\u03c3\u03b7",
    "MATH_TRIG_TOOLTIP_SIN": "\u0395\u03c0\u03b9\u03c3\u03c4\u03c1\u03ad\u03c6\u03b5\u03b9 \u03c4\u03bf \u03b7\u03bc\u03af\u03c4\u03bf\u03bd\u03bf \u03b5\u03bd\u03cc\u03c2 \u03b2\u03b1\u03b8\u03bc\u03bf\u03cd (\u03cc\u03c7\u03b9 \u03b1\u03ba\u03c4\u03b9\u03bd\u03af\u03bf\u03c5).",
    "MATH_TRIG_TOOLTIP_COS": "\u0395\u03c0\u03b9\u03c3\u03c4\u03c1\u03ad\u03c6\u03b5\u03b9 \u03c4\u03bf \u03c3\u03c5\u03bd\u03b7\u03bc\u03af\u03c4\u03bf\u03bd\u03bf \u03b5\u03bd\u03cc\u03c2 \u03b2\u03b1\u03b8\u03bc\u03bf\u03cd (\u03cc\u03c7\u03b9 \u03b1\u03ba\u03c4\u03b9\u03bd\u03af\u03bf\u03c5).",
    "MATH_TRIG_TOOLTIP_TAN": "\u0395\u03c0\u03b9\u03c3\u03c4\u03c1\u03ad\u03c6\u03b5\u03b9 \u03c4\u03b7\u03bd \u03b5\u03c6\u03b1\u03c0\u03c4\u03bf\u03bc\u03ad\u03bd\u03b7 \u03b5\u03bd\u03cc\u03c2 \u03b2\u03b1\u03b8\u03bc\u03bf\u03cd (\u03cc\u03c7\u03b9 \u03b1\u03ba\u03c4\u03b9\u03bd\u03af\u03bf\u03c5).",
    "MATH_TRIG_TOOLTIP_ASIN": "\u0395\u03c0\u03b9\u03c3\u03c4\u03c1\u03ad\u03c6\u03b5\u03b9 \u03c4\u03bf \u03c4\u03cc\u03be\u03bf \u03b7\u03bc\u03af\u03c4\u03bf\u03bd\u03bf\u03c5 \u03b5\u03bd\u03cc\u03c2 \u03b1\u03c1\u03b9\u03b8\u03bc\u03bf\u03cd.",
    "MATH_TRIG_TOOLTIP_ACOS": "\u0395\u03c0\u03b9\u03c3\u03c4\u03c1\u03ad\u03c6\u03b5\u03b9 \u03c4\u03bf \u03c4\u03cc\u03be\u03bf \u03c3\u03c5\u03bd\u03b7\u03bc\u03af\u03c4\u03bf\u03bd\u03bf\u03c5 \u03b5\u03bd\u03cc\u03c2 \u03b1\u03c1\u03b9\u03b8\u03bc\u03bf\u03cd.",
    "MATH_TRIG_TOOLTIP_ATAN": "\u0395\u03c0\u03b9\u03c3\u03c4\u03c1\u03ad\u03c6\u03b5\u03b9 \u03c4\u03bf \u03c4\u03cc\u03be\u03bf \u03b5\u03c6\u03b1\u03c0\u03c4\u03bf\u03bc\u03ad\u03bd\u03b7\u03c2 \u03b5\u03bd\u03cc\u03c2 \u03b1\u03c1\u03b9\u03b8\u03bc\u03bf\u03cd.",
    "MATH_CONSTANT_HELPURL": "https://en.wikipedia.org/wiki/Mathematical_constant",
    "MATH_CONSTANT_TOOLTIP": "\u0395\u03c0\u03b9\u03c3\u03c4\u03c1\u03ad\u03c6\u03b5\u03b9 \u03bc\u03af\u03b1 \u03b1\u03c0\u03cc \u03c4\u03b9\u03c2 \u03ba\u03bf\u03b9\u03bd\u03ad\u03c2 \u03c3\u03c4\u03b1\u03b8\u03b5\u03c1\u03ad\u03c2: \u03c0 (3.141...), e (2.718...), \u03c6 (1.618...), sqrt(2) (1.414...), sqrt(\u00bd) (0.707...), \u03ae \u221e (\u03ac\u03c0\u03b5\u03b9\u03c1\u03bf).",
    "MATH_IS_EVEN": "\u03b5\u03af\u03bd\u03b1\u03b9 \u03ac\u03c1\u03c4\u03b9\u03bf\u03c2",
    "MATH_IS_ODD": "\u03b5\u03af\u03bd\u03b1\u03b9 \u03c0\u03b5\u03c1\u03b9\u03c4\u03c4\u03cc\u03c2",
    "MATH_IS_PRIME": "\u03b5\u03af\u03bd\u03b1\u03b9 \u03c0\u03c1\u03ce\u03c4\u03bf\u03c2",
    "MATH_IS_WHOLE": "\u03b5\u03af\u03bd\u03b1\u03b9 \u03b1\u03ba\u03ad\u03c1\u03b1\u03b9\u03bf\u03c2",
    "MATH_IS_POSITIVE": "\u03b5\u03af\u03bd\u03b1\u03b9 \u03b8\u03b5\u03c4\u03b9\u03ba\u03cc\u03c2",
    "MATH_IS_NEGATIVE": "\u03b5\u03af\u03bd\u03b1\u03b9 \u03b1\u03c1\u03bd\u03b7\u03c4\u03b9\u03ba\u03cc\u03c2",
    "MATH_IS_DIVISIBLE_BY": "\u03b5\u03af\u03bd\u03b1\u03b9 \u03b4\u03b9\u03b1\u03b9\u03c1\u03b5\u03c4\u03cc\u03c2 \u03b1\u03c0\u03cc \u03c4\u03bf",
    "MATH_IS_TOOLTIP": "\u0395\u03bb\u03ad\u03b3\u03c7\u03b5\u03b9 \u03b1\u03bd \u03ad\u03bd\u03b1\u03c2 \u03b1\u03c1\u03b9\u03b8\u03bc\u03cc\u03c2 \u03b5\u03af\u03bd\u03b1\u03b9 \u03ac\u03c1\u03c4\u03b9\u03bf\u03c2, \u03c0\u03b5\u03c1\u03b9\u03c4\u03c4\u03cc\u03c2, \u03c0\u03c1\u03ce\u03c4\u03bf\u03c2, \u03b1\u03ba\u03ad\u03c1\u03b1\u03b9\u03bf\u03c2, \u03b8\u03b5\u03c4\u03b9\u03ba\u03cc\u03c2, \u03b1\u03c1\u03bd\u03b7\u03c4\u03b9\u03ba\u03cc\u03c2, \u03ae \u03b1\u03bd \u03b5\u03af\u03bd\u03b1\u03b9 \u03b4\u03b9\u03b1\u03b9\u03c1\u03b5\u03c4\u03cc\u03c2 \u03b1\u03c0\u03cc \u03ad\u03bd\u03b1\u03bd \u03bf\u03c1\u03b9\u03c3\u03bc\u03ad\u03bd\u03bf \u03b1\u03c1\u03b9\u03b8\u03bc\u03cc. \u0395\u03c0\u03b9\u03c3\u03c4\u03c1\u03ad\u03c6\u03b5\u03b9 \u03b1\u03bb\u03b7\u03b8\u03ae\u03c2 \u03ae \u03c8\u03b5\u03c5\u03b4\u03ae\u03c2.",
    "MATH_CHANGE_HELPURL": "https://en.wikipedia.org/wiki/Programming_idiom#Incrementing_a_counter",
    "MATH_CHANGE_TITLE_CHANGE": "\u03ac\u03bb\u03bb\u03b1\u03be\u03b5",
    "MATH_CHANGE_INPUT_BY": "\u03b1\u03c0\u03cc",
    "MATH_CHANGE_TOOLTIP": "\u03a0\u03c1\u03cc\u03c3\u03b8\u03b5\u03c3\u03b5 \u03ad\u03bd\u03b1\u03bd \u03b1\u03c1\u03b9\u03b8\u03bc\u03cc \u03c3\u03c4\u03b7 \u03bc\u03b5\u03c4\u03b1\u03b2\u03bb\u03b7\u03c4\u03ae '%1'.",
    "MATH_ROUND_HELPURL": "https://en.wikipedia.org/wiki/Rounding",
    "MATH_ROUND_TOOLTIP": "\u03a3\u03c4\u03c1\u03bf\u03b3\u03b3\u03c5\u03bb\u03bf\u03c0\u03bf\u03af\u03b7\u03c3\u03b5 \u03ad\u03bd\u03b1 \u03b1\u03c1\u03b9\u03b8\u03bc\u03cc \u03c0\u03c1\u03bf\u03c2 \u03c4\u03b1 \u03c0\u03ac\u03bd\u03c9 \u03ae \u03c0\u03c1\u03bf\u03c2 \u03c4\u03b1 \u03ba\u03ac\u03c4\u03c9.",
    "MATH_ROUND_OPERATOR_ROUND": "\u03c3\u03c4\u03c1\u03bf\u03b3\u03b3\u03c5\u03bb\u03bf\u03c0\u03bf\u03af\u03b7\u03c3\u03b7",
    "MATH_ROUND_OPERATOR_ROUNDUP": "\u03c3\u03c4\u03c1\u03bf\u03b3\u03b3\u03c5\u03bb\u03bf\u03c0\u03bf\u03af\u03b7\u03c3\u03b7 \u03c0\u03c1\u03bf\u03c2 \u03c4\u03b1 \u03c0\u03ac\u03bd\u03c9",
    "MATH_ROUND_OPERATOR_ROUNDDOWN": "\u03c3\u03c4\u03c1\u03bf\u03b3\u03b3\u03c5\u03bb\u03bf\u03c0\u03bf\u03af\u03b7\u03c3\u03b7 \u03c0\u03c1\u03bf\u03c2 \u03c4\u03b1 \u03ba\u03ac\u03c4\u03c9",
    "MATH_ONLIST_OPERATOR_SUM": "\u03ac\u03b8\u03c1\u03bf\u03b9\u03c3\u03bc\u03b1 \u03bb\u03af\u03c3\u03c4\u03b1\u03c2",
    "MATH_ONLIST_TOOLTIP_SUM": "\u0395\u03c0\u03b9\u03c3\u03c4\u03c1\u03ad\u03c6\u03b5\u03b9 \u03c4\u03bf \u03ac\u03b8\u03c1\u03bf\u03b9\u03c3\u03bc\u03b1 \u03cc\u03bb\u03c9\u03bd \u03c4\u03c9\u03bd \u03b1\u03c1\u03b9\u03b8\u03bc\u03ce\u03bd \u03c3\u03c4\u03b7 \u03bb\u03af\u03c3\u03c4\u03b1.",
    "MATH_ONLIST_OPERATOR_MIN": "\u03bc\u03b9\u03ba\u03c1\u03cc\u03c4\u03b5\u03c1\u03bf\u03c2 \u03bb\u03af\u03c3\u03c4\u03b1\u03c2",
    "MATH_ONLIST_TOOLTIP_MIN": "\u0395\u03c0\u03b9\u03c3\u03c4\u03c1\u03ad\u03c6\u03b5\u03b9 \u03c4\u03bf\u03bd \u03bc\u03b9\u03ba\u03c1\u03cc\u03c4\u03b5\u03c1\u03bf \u03b1\u03c1\u03b9\u03b8\u03bc\u03cc \u03c3\u03c4\u03b7 \u03bb\u03af\u03c3\u03c4\u03b1.",
    "MATH_ONLIST_OPERATOR_MAX": "\u03bc\u03b5\u03b3\u03b1\u03bb\u03cd\u03c4\u03b5\u03c1\u03bf\u03c2 \u03bb\u03af\u03c3\u03c4\u03b1\u03c2",
    "MATH_ONLIST_TOOLTIP_MAX": "\u0395\u03c0\u03b9\u03c3\u03c4\u03c1\u03ad\u03c6\u03b5\u03b9 \u03c4\u03bf\u03bd \u03bc\u03b5\u03b3\u03b1\u03bb\u03cd\u03c4\u03b5\u03c1\u03bf \u03b1\u03c1\u03b9\u03b8\u03bc\u03cc \u03c3\u03c4\u03b7 \u03bb\u03af\u03c3\u03c4\u03b1.",
    "MATH_ONLIST_OPERATOR_AVERAGE": "\u03bc\u03ad\u03c3\u03bf\u03c2 \u03cc\u03c1\u03bf\u03c2 \u03bb\u03af\u03c3\u03c4\u03b1\u03c2",
    "MATH_ONLIST_TOOLTIP_AVERAGE": "\u0395\u03c0\u03b9\u03c3\u03c4\u03c1\u03ad\u03c6\u03b5\u03b9 \u03c4\u03bf \u03bc\u03ad\u03c3\u03bf \u03cc\u03c1\u03bf (\u03b1\u03c1\u03b9\u03b8\u03bc\u03b7\u03c4\u03b9\u03ba\u03cc \u03bc\u03ad\u03c3\u03bf \u03cc\u03c1\u03bf) \u03b1\u03c0\u03cc \u03c4\u03b9\u03c2 \u03b1\u03c1\u03b9\u03b8\u03bc\u03b7\u03c4\u03b9\u03ba\u03ad\u03c2 \u03c4\u03b9\u03bc\u03ad\u03c2 \u03c3\u03c4\u03b7 \u03bb\u03af\u03c3\u03c4\u03b1.",
    "MATH_ONLIST_OPERATOR_MEDIAN": "\u03b4\u03b9\u03ac\u03bc\u03b5\u03c3\u03bf\u03c2 \u03bb\u03af\u03c3\u03c4\u03b1\u03c2",
    "MATH_ONLIST_TOOLTIP_MEDIAN": "\u0395\u03c0\u03b9\u03c3\u03c4\u03c1\u03ad\u03c6\u03b5\u03b9 \u03c4\u03bf \u03b4\u03b9\u03ac\u03bc\u03b5\u03c3\u03bf \u03c3\u03c4\u03b7 \u03bb\u03af\u03c3\u03c4\u03b1.",
    "MATH_ONLIST_OPERATOR_MODE": "\u03bc\u03bf\u03c1\u03c6\u03ad\u03c2 \u03bb\u03af\u03c3\u03c4\u03b1\u03c2",
    "MATH_ONLIST_TOOLTIP_MODE": "\u0395\u03c0\u03b9\u03c3\u03c4\u03c1\u03ad\u03c6\u03b5\u03b9 \u03bc\u03b9\u03b1 \u03bb\u03af\u03c3\u03c4\u03b1 \u03bc\u03b5 \u03c4\u03b1 \u03c0\u03b9\u03bf \u03ba\u03bf\u03b9\u03bd\u03ac \u03c3\u03c4\u03bf\u03b9\u03c7\u03b5\u03af\u03b1 \u03c3\u03c4\u03b7 \u03bb\u03af\u03c3\u03c4\u03b1.",
    "MATH_ONLIST_OPERATOR_STD_DEV": "\u03c4\u03c5\u03c0\u03b9\u03ba\u03ae \u03b1\u03c0\u03cc\u03ba\u03bb\u03b9\u03c3\u03b7 \u03bb\u03af\u03c3\u03c4\u03b1\u03c2",
    "MATH_ONLIST_TOOLTIP_STD_DEV": "\u0395\u03c0\u03b9\u03c3\u03c4\u03c1\u03ad\u03c6\u03b5\u03b9 \u03c4\u03b7\u03bd \u03c4\u03c5\u03c0\u03b9\u03ba\u03ae \u03b1\u03c0\u03cc\u03ba\u03bb\u03b9\u03c3\u03b7 \u03c4\u03b7\u03c2 \u03bb\u03af\u03c3\u03c4\u03b1\u03c2.",
    "MATH_ONLIST_OPERATOR_RANDOM": "\u03c4\u03c5\u03c7\u03b1\u03af\u03bf \u03c3\u03c4\u03bf\u03b9\u03c7\u03b5\u03af\u03bf \u03bb\u03af\u03c3\u03c4\u03b1\u03c2",
    "MATH_ONLIST_TOOLTIP_RANDOM": "\u0395\u03c0\u03b9\u03c3\u03c4\u03c1\u03ad\u03c6\u03b5\u03b9 \u03ad\u03bd\u03b1 \u03c4\u03c5\u03c7\u03b1\u03af\u03bf \u03c3\u03c4\u03bf\u03b9\u03c7\u03b5\u03af\u03bf \u03b1\u03c0\u03cc \u03c4\u03b7 \u03bb\u03af\u03c3\u03c4\u03b1.",
    "MATH_MODULO_HELPURL": "https://en.wikipedia.org/wiki/Modulo_operation",
    "MATH_MODULO_TITLE": "\u03c5\u03c0\u03cc\u03bb\u03bf\u03b9\u03c0\u03bf \u03c4\u03b7\u03c2 %1 \u00f7 %2",
    "MATH_MODULO_TOOLTIP": "\u0395\u03c0\u03b9\u03c3\u03c4\u03c1\u03ad\u03c6\u03b5\u03b9 \u03c4\u03bf \u03c5\u03c0\u03cc\u03bb\u03bf\u03b9\u03c0\u03bf \u03c4\u03b7\u03c2 \u03b4\u03b9\u03b1\u03af\u03c1\u03b5\u03c3\u03b7\u03c2 \u03c4\u03c9\u03bd  \u03b4\u03cd\u03bf \u03b1\u03c1\u03b9\u03b8\u03bc\u03ce\u03bd.",
    "MATH_CONSTRAIN_HELPURL": "https://en.wikipedia.org/wiki/Clamping_%28graphics%29 \u0393\u03a1\u0391\u03a6\u0399\u039a\u0391",
    "MATH_CONSTRAIN_TITLE": "\u03c0\u03b5\u03c1\u03b9\u03bf\u03c1\u03af\u03c3\u03b5\u03c4\u03b5 %1 \u03c7\u03b1\u03bc\u03b7\u03bb\u03ae %2 \u03c5\u03c8\u03b7\u03bb\u03ae %3",
    "MATH_CONSTRAIN_TOOLTIP": "\u03a0\u03b5\u03c1\u03b9\u03bf\u03c1\u03af\u03c3\u03b5\u03c4\u03b5 \u03ad\u03bd\u03b1\u03bd \u03b1\u03c1\u03b9\u03b8\u03bc\u03cc \u03bc\u03b5\u03c4\u03b1\u03be\u03cd \u03c4\u03c9\u03bd \u03c0\u03c1\u03bf\u03b2\u03bb\u03b5\u03c0\u03cc\u03bc\u03b5\u03bd\u03c9\u03bd \u03bf\u03c1\u03af\u03c9\u03bd (\u03c7\u03c9\u03c1\u03af\u03c2 \u03b1\u03c0\u03bf\u03ba\u03bb\u03b5\u03b9\u03c3\u03bc\u03bf\u03cd\u03c2).",
    "MATH_RANDOM_INT_HELPURL": "https://en.wikipedia.org/wiki/Random_number_generation",
    "MATH_RANDOM_INT_TITLE": "\u03c4\u03c5\u03c7\u03b1\u03af\u03bf\u03c2 \u03b1\u03ba\u03ad\u03c1\u03b1\u03b9\u03bf\u03c2 \u03b1\u03c0\u03cc \u03c4\u03bf %1 \u03ad\u03c9\u03c2 \u03c4\u03bf %2",
    "MATH_RANDOM_INT_TOOLTIP": "\u0395\u03c0\u03b9\u03c3\u03c4\u03c1\u03ad\u03c6\u03b5\u03b9 \u03ad\u03bd\u03b1\u03bd \u03c4\u03c5\u03c7\u03b1\u03af\u03bf \u03b1\u03ba\u03ad\u03c1\u03b1\u03b9\u03bf \u03b1\u03c1\u03b9\u03b8\u03bc\u03cc \u03bc\u03b5\u03c4\u03b1\u03be\u03cd \u03b4\u03cd\u03bf \u03c3\u03c5\u03b3\u03ba\u03b5\u03ba\u03c1\u03b9\u03bc\u03ad\u03bd\u03c9\u03bd \u03bf\u03c1\u03af\u03c9\u03bd (\u03b5\u03bd\u03c4\u03cc\u03c2 - \u03a3\u03c5\u03bc\u03c0\u03b5\u03c1\u03b9\u03bb\u03b1\u03bc\u03b2\u03b1\u03bd\u03bf\u03bc\u03ad\u03bd\u03c9\u03bd \u03ba\u03b1\u03b9 \u03c4\u03c9\u03bd \u03b1\u03ba\u03c1\u03b1\u03af\u03c9\u03bd \u03c4\u03b9\u03bc\u03ce\u03bd).",
    "MATH_RANDOM_FLOAT_HELPURL": "https://en.wikipedia.org/wiki/Random_number_generation",
    "MATH_RANDOM_FLOAT_TITLE_RANDOM": "\u03c4\u03c5\u03c7\u03b1\u03af\u03bf \u03ba\u03bb\u03ac\u03c3\u03bc\u03b1",
    "MATH_RANDOM_FLOAT_TOOLTIP": "\u0395\u03c0\u03b9\u03c3\u03c4\u03c1\u03ad\u03c8\u03b5\u03b9 \u03ad\u03bd\u03b1 \u03c4\u03c5\u03c7\u03b1\u03af\u03b1 \u03ba\u03bb\u03ac\u03c3\u03bc\u03b1 \u03bc\u03b5\u03c4\u03b1\u03be\u03cd 0,0 (\u03ba\u03bb\u03b5\u03b9\u03c3\u03c4\u03cc) \u03ba\u03b1\u03b9 1.0 (\u03b1\u03bd\u03bf\u03b9\u03ba\u03c4\u03cc).",
    "TEXT_TEXT_HELPURL": "https://el.wikipedia.org/wiki/\u03a3\u03c5\u03bc\u03b2\u03bf\u03bb\u03bf\u03c3\u03b5\u03b9\u03c1\u03ac",
    "TEXT_TEXT_TOOLTIP": "\u0388\u03bd\u03b1 \u03b3\u03c1\u03ac\u03bc\u03bc\u03b1, \u03bc\u03b9\u03b1 \u03bb\u03ad\u03be\u03b7 \u03ae \u03bc\u03b9\u03b1 \u03b3\u03c1\u03b1\u03bc\u03bc\u03ae \u03ba\u03b5\u03b9\u03bc\u03ad\u03bd\u03bf\u03c5.",
    "TEXT_JOIN_HELPURL": "https://code.google.com/p/blockly/wiki/Text#Text_creation",
    "TEXT_JOIN_TITLE_CREATEWITH": "\u03b4\u03b7\u03bc\u03b9\u03bf\u03c5\u03c1\u03b3\u03b5\u03af \u03ba\u03b5\u03af\u03bc\u03b5\u03bd\u03bf \u03bc\u03b5",
    "TEXT_JOIN_TOOLTIP": "\u0394\u03b7\u03bc\u03b9\u03bf\u03cd\u03c1\u03b3\u03b7\u03c3\u03b5 \u03ad\u03bd\u03b1 \u03ba\u03bf\u03bc\u03bc\u03ac\u03c4\u03b9 \u03ba\u03b5\u03b9\u03bc\u03ad\u03bd\u03bf\u03c5 \u03b5\u03bd\u03ce\u03bd\u03bf\u03bd\u03c4\u03b1\u03c2 \u03ad\u03bd\u03b1  \u03b1\u03c0\u03b5\u03c1\u03b9\u03cc\u03c1\u03b9\u03c3\u03c4\u03bf \u03b1\u03c1\u03b9\u03b8\u03bc\u03cc \u03b1\u03bd\u03c4\u03b9\u03ba\u03b5\u03b9\u03bc\u03ad\u03bd\u03c9\u03bd.",
    "TEXT_CREATE_JOIN_TITLE_JOIN": "\u03ad\u03bd\u03c9\u03c3\u03b7",
    "TEXT_CREATE_JOIN_TOOLTIP": "\u03a0\u03c1\u03cc\u03c3\u03b8\u03b5\u03c3\u03b5, \u03b1\u03c6\u03b1\u03af\u03c1\u03b5\u03c3\u03b5 \u03ae \u03b1\u03bd\u03b1\u03b4\u03b9\u03ad\u03c4\u03b1\u03be\u03b5 \u03c4\u03bf\u03c5\u03c2 \u03c4\u03bf\u03bc\u03b5\u03af\u03c2 \u03b3\u03b9\u03b1 \u03bd\u03b1 \u03b5\u03c0\u03b1\u03bd\u03b1\u03ba\u03b1\u03b8\u03bf\u03c1\u03af\u03c3\u03b5\u03b9\u03c2 \u03b1\u03c5\u03c4\u03cc \u03c4\u03bf \u03c4\u03bc\u03ae\u03bc\u03b1 \u03ba\u03b5\u03b9\u03bc\u03ad\u03bd\u03bf\u03c5.",
    "TEXT_CREATE_JOIN_ITEM_TOOLTIP": "\u03a0\u03c1\u03cc\u03c3\u03b8\u03b5\u03c3\u03b5 \u03ad\u03bd\u03b1 \u03c3\u03c4\u03bf\u03b9\u03c7\u03b5\u03af\u03bf \u03c3\u03c4\u03bf \u03ba\u03b5\u03af\u03bc\u03b5\u03bd\u03bf.",
    "TEXT_APPEND_HELPURL": "https://code.google.com/p/blockly/wiki/Text#Text_modification \u0391\u039b\u039b\u0391\u0393\u0397_\u039a\u0395\u0399\u039c\u0395\u039d\u039f\u03a5",
    "TEXT_APPEND_TO": "\u03ad\u03c9\u03c2",
    "TEXT_APPEND_APPENDTEXT": "\u03a0\u03c1\u03bf\u03c3\u03b8\u03ae\u03ba\u03b7 \u03ba\u03b5\u03b9\u03bc\u03ad\u03bd\u03bf\u03c5",
    "TEXT_APPEND_TOOLTIP": "\u0391\u03bd\u03b1\u03b8\u03ad\u03c3\u03c4\u03b5 \u03ba\u03ac\u03c0\u03bf\u03b9\u03bf \u03ba\u03b5\u03af\u03bc\u03b5\u03bd\u03bf \u03c3\u03c4\u03b7 \u03bc\u03b5\u03c4\u03b1\u03b2\u03bb\u03b7\u03c4\u03ae '%1'.",
    "TEXT_LENGTH_HELPURL": "https://code.google.com/p/blockly/wiki/Text#Text_modification \u0391\u039b\u039b\u0391\u0393\u0397_\u039a\u0395\u0399\u039c\u0395\u039d\u039f\u03a5",
    "TEXT_LENGTH_TITLE": "\u03c4\u03bf \u03bc\u03ae\u03ba\u03bf\u03c2 \u03c4\u03bf\u03c5 %1",
    "TEXT_LENGTH_TOOLTIP": "\u0395\u03c0\u03b9\u03c3\u03c4\u03c1\u03ad\u03c6\u03b5\u03b9 \u03c4\u03bf \u03c0\u03bb\u03ae\u03b8\u03bf\u03c2 \u03c4\u03c9\u03bd \u03b3\u03c1\u03b1\u03bc\u03bc\u03ac\u03c4\u03c9\u03bd (\u03c3\u03c5\u03bc\u03c0\u03b5\u03c1\u03b9\u03bb\u03b1\u03bc\u03b2\u03b1\u03bd\u03bf\u03bc\u03ad\u03bd\u03c9\u03bd \u03ba\u03b1\u03b9 \u03c4\u03c9\u03bd \u03ba\u03b5\u03bd\u03ce\u03bd \u03b4\u03b9\u03b1\u03c3\u03c4\u03b7\u03bc\u03ac\u03c4\u03c9\u03bd) \u03c3\u03c4\u03bf \u03c0\u03b1\u03c1\u03b5\u03c7\u03cc\u03bc\u03b5\u03bd\u03bf \u03ba\u03b5\u03af\u03bc\u03b5\u03bd\u03bf.",
    "TEXT_ISEMPTY_HELPURL": "https://code.google.com/p/blockly/wiki/Text#Checking_for_empty_text",
    "TEXT_ISEMPTY_TITLE": "\u03c4\u03bf %1 \u03b5\u03af\u03bd\u03b1\u03b9 \u03ba\u03b5\u03bd\u03cc",
    "TEXT_ISEMPTY_TOOLTIP": "\u0395\u03c0\u03b9\u03c3\u03c4\u03c1\u03ad\u03c6\u03b5\u03b9 \u03b1\u03bb\u03b7\u03b8\u03ae\u03c2 \u03b1\u03bd \u03c4\u03bf \u03c0\u03b1\u03c1\u03b5\u03c7\u03cc\u03bc\u03b5\u03bd\u03bf \u03ba\u03b5\u03af\u03bc\u03b5\u03bd\u03bf \u03b5\u03af\u03bd\u03b1\u03b9 \u03ba\u03b5\u03bd\u03cc.",
    "TEXT_INDEXOF_HELPURL": "https://code.google.com/p/blockly/wiki/Text#Finding_text \u0395\u03a5\u03a1\u0395\u03a3\u0397 \u039a\u0395\u0399\u039c\u0395\u039d\u039f\u03a5",
    "TEXT_INDEXOF_TOOLTIP": "\u0395\u03c0\u03b9\u03c3\u03c4\u03c1\u03ad\u03c6\u03b5\u03b9 \u03c4\u03bf \u03b4\u03b5\u03af\u03ba\u03c4\u03b7 \u03c4\u03b7\u03c2 \u03c0\u03c1\u03ce\u03c4\u03b7\u03c2/\u03c4\u03b5\u03bb\u03b5\u03c5\u03c4\u03b1\u03af\u03b1\u03c2 \u03b5\u03bc\u03c6\u03ac\u03bd\u03b9\u03c3\u03b7\u03c2 \u03c4\u03bf\u03c5 \u03c0\u03c1\u03ce\u03c4\u03bf\u03c5 \u03ba\u03b5\u03b9\u03bc\u03ad\u03bd\u03bf\u03c5 \u03c3\u03c4\u03bf \u03b4\u03b5\u03cd\u03c4\u03b5\u03c1\u03bf \u03ba\u03b5\u03af\u03bc\u03b5\u03bd\u03bf.  \u0395\u03c0\u03b9\u03c3\u03c4\u03c1\u03ad\u03c6\u03b5\u03b9 \u03c4\u03b9\u03bc\u03ae 0, \u03b1\u03bd \u03b4\u03b5\u03bd \u03b2\u03c1\u03b5\u03b9 \u03c4\u03bf \u03ba\u03b5\u03af\u03bc\u03b5\u03bd\u03bf.",
    "TEXT_INDEXOF_INPUT_INTEXT": "\u03c3\u03c4\u03bf \u03ba\u03b5\u03af\u03bc\u03b5\u03bd\u03bf",
    "TEXT_INDEXOF_OPERATOR_FIRST": "\u03b2\u03c1\u03b5\u03c2 \u03c4\u03b7\u03bd \u03c0\u03c1\u03ce\u03c4\u03b7 \u03b5\u03bc\u03c6\u03ac\u03bd\u03b9\u03c3\u03b7 \u03c4\u03bf\u03c5 \u03ba\u03b5\u03b9\u03bc\u03ad\u03bd\u03bf\u03c5",
    "TEXT_INDEXOF_OPERATOR_LAST": "\u03b2\u03c1\u03b5\u03c2 \u03c4\u03b7\u03bd \u03c4\u03b5\u03bb\u03b5\u03c5\u03c4\u03b1\u03af\u03b1 \u03b5\u03bc\u03c6\u03ac\u03bd\u03b9\u03c3\u03b7 \u03c4\u03bf\u03c5 \u03ba\u03b5\u03b9\u03bc\u03ad\u03bd\u03bf\u03c5",
    "TEXT_CHARAT_HELPURL": "https://code.google.com/p/blockly/wiki/Text#Extracting_text",
    "TEXT_CHARAT_INPUT_INTEXT": "\u03c3\u03c4\u03bf \u03ba\u03b5\u03af\u03bc\u03b5\u03bd\u03bf",
    "TEXT_CHARAT_FROM_START": "\u03c0\u03ac\u03c1\u03b5 \u03c4\u03bf \u03b3\u03c1\u03ac\u03bc\u03bc\u03b1 #",
    "TEXT_CHARAT_FROM_END": "\u03c0\u03ac\u03c1\u03b5 \u03c4\u03bf \u03b3\u03c1\u03ac\u03bc\u03bc\u03b1 # \u03b1\u03c0\u03cc \u03c4\u03bf \u03c4\u03ad\u03bb\u03bf\u03c2",
    "TEXT_CHARAT_FIRST": "\u03a0\u03ac\u03c1\u03b5 \u03c4\u03bf \u03c0\u03c1\u03ce\u03c4\u03bf \u03b3\u03c1\u03ac\u03bc\u03bc\u03b1",
    "TEXT_CHARAT_LAST": "\u03c0\u03ac\u03c1\u03b5 \u03c4\u03bf \u03c4\u03b5\u03bb\u03b5\u03c5\u03c4\u03b1\u03af\u03bf \u03b3\u03c1\u03ac\u03bc\u03bc\u03b1",
    "TEXT_CHARAT_RANDOM": "\u03c0\u03ac\u03c1\u03b5 \u03c4\u03c5\u03c7\u03b1\u03af\u03bf \u03b3\u03c1\u03ac\u03bc\u03bc\u03b1",
    "TEXT_CHARAT_TOOLTIP": "\u0395\u03c0\u03b9\u03c3\u03c4\u03c1\u03ad\u03c6\u03b5\u03b9 \u03c4\u03bf \u03b3\u03c1\u03ac\u03bc\u03bc\u03b1 \u03c3\u03c4\u03b7\u03bd \u03ba\u03b1\u03b8\u03bf\u03c1\u03b9\u03c3\u03bc\u03ad\u03bd\u03b7 \u03b8\u03ad\u03c3\u03b7.",
    "TEXT_GET_SUBSTRING_TOOLTIP": "\u0395\u03c0\u03b9\u03c3\u03c4\u03c1\u03ad\u03c6\u03b5\u03b9 \u03ad\u03bd\u03b1 \u03c3\u03c5\u03b3\u03ba\u03b5\u03ba\u03c1\u03b9\u03bc\u03ad\u03bd\u03bf \u03c4\u03bc\u03ae\u03bc\u03b1 \u03c4\u03bf\u03c5 \u03ba\u03b5\u03b9\u03bc\u03ad\u03bd\u03bf\u03c5.",
    "TEXT_GET_SUBSTRING_HELPURL": "http://code.google.com/p/blockly/wiki/Text#Extracting_a_region_of_text",
    "TEXT_GET_SUBSTRING_INPUT_IN_TEXT": "\u03c3\u03c4\u03bf \u03ba\u03b5\u03af\u03bc\u03b5\u03bd\u03bf",
    "TEXT_GET_SUBSTRING_START_FROM_START": "\u03c0\u03ac\u03c1\u03b5 \u03c4\u03b7 \u03b4\u03b5\u03c5\u03c4\u03b5\u03c1\u03b5\u03cd\u03bf\u03c5\u03c3\u03b1 \u03c3\u03c5\u03bc\u03b2\u03bf\u03bb\u03bf\u03c3\u03b5\u03b9\u03c1\u03ac \u03b1\u03c0\u03cc \u03c4\u03bf # \u03b3\u03c1\u03ac\u03bc\u03bc\u03b1",
    "TEXT_GET_SUBSTRING_START_FROM_END": "\u03c0\u03ac\u03c1\u03b5 \u03c4\u03b7 \u03b4\u03b5\u03c5\u03c4\u03b5\u03c1\u03b5\u03cd\u03bf\u03c5\u03c3\u03b1 \u03c3\u03c5\u03bc\u03b2\u03bf\u03bb\u03bf\u03c3\u03b5\u03b9\u03c1\u03ac \u03b1\u03c0\u03cc \u03c4\u03bf # \u03b3\u03c1\u03ac\u03bc\u03bc\u03b1 \u03b1\u03c0\u03cc \u03c4\u03bf \u03c4\u03ad\u03bb\u03bf\u03c2",
    "TEXT_GET_SUBSTRING_START_FIRST": "\u03c0\u03ac\u03c1\u03b5 \u03c4\u03b7 \u03b4\u03b5\u03c5\u03c4\u03b5\u03c1\u03b5\u03cd\u03bf\u03c5\u03c3\u03b1 \u03c3\u03c5\u03bc\u03b2\u03bf\u03bb\u03bf\u03c3\u03b5\u03b9\u03c1\u03ac \u03b1\u03c0\u03cc \u03c4\u03bf \u03c0\u03c1\u03ce\u03c4\u03bf \u03b3\u03c1\u03ac\u03bc\u03bc\u03b1",
    "TEXT_GET_SUBSTRING_END_FROM_START": "\u03bc\u03ad\u03c7\u03c1\u03b9 \u03c4\u03bf # \u03b3\u03c1\u03ac\u03bc\u03bc\u03b1",
    "TEXT_GET_SUBSTRING_END_FROM_END": "\u03bc\u03ad\u03c7\u03c1\u03b9 \u03c4\u03bf # \u03b3\u03c1\u03ac\u03bc\u03bc\u03b1 \u03b1\u03c0\u03cc \u03c4\u03bf \u03c4\u03ad\u03bb\u03bf\u03c2",
    "TEXT_GET_SUBSTRING_END_LAST": "\u03bc\u03ad\u03c7\u03c1\u03b9 \u03c4\u03bf \u03c4\u03b5\u03bb\u03b5\u03c5\u03c4\u03b1\u03af\u03bf \u03b3\u03c1\u03ac\u03bc\u03bc\u03b1",
    "TEXT_CHANGECASE_HELPURL": "https://code.google.com/p/blockly/wiki/Text#Adjusting_text_case",
    "TEXT_CHANGECASE_TOOLTIP": "\u0395\u03c0\u03b9\u03c3\u03c4\u03c1\u03ad\u03c6\u03b5\u03b9 \u03ad\u03bd\u03b1 \u03b1\u03bd\u03c4\u03af\u03b3\u03c1\u03b1\u03c6\u03bf \u03c4\u03bf\u03c5 \u03ba\u03b5\u03b9\u03bc\u03ad\u03bd\u03bf\u03c5 \u03c3\u03b5 \u03b4\u03b9\u03b1\u03c6\u03bf\u03c1\u03b5\u03c4\u03b9\u03ba\u03ae \u03bc\u03bf\u03c1\u03c6\u03ae \u03b3\u03c1\u03b1\u03bc\u03bc\u03ac\u03c4\u03c9\u03bd.",
    "TEXT_CHANGECASE_OPERATOR_UPPERCASE": "\u03c3\u03b5 \u039a\u0395\u03a6\u0391\u039b\u0391\u0399\u0391",
    "TEXT_CHANGECASE_OPERATOR_LOWERCASE": "\u03c3\u03b5 \u03c0\u03b5\u03b6\u03ac",
    "TEXT_CHANGECASE_OPERATOR_TITLECASE": "\u03c3\u03b5 \u0393\u03c1\u03ac\u03bc\u03bc\u03b1\u03c4\u03b1 \u03a4\u03af\u03c4\u03bb\u03bf\u03c5",
    "TEXT_TRIM_HELPURL": "https://code.google.com/p/blockly/wiki/Text#Trimming_%28removing%29_spaces",
    "TEXT_TRIM_TOOLTIP": "\u0395\u03c0\u03b9\u03c3\u03c4\u03c1\u03ad\u03c6\u03b5\u03b9 \u03ad\u03bd\u03b1 \u03b1\u03bd\u03c4\u03af\u03b3\u03c1\u03b1\u03c6\u03bf \u03c4\u03bf\u03c5 \u03ba\u03b5\u03b9\u03bc\u03ad\u03bd\u03bf\u03c5 \u03bc\u03b5 \u03b1\u03c6\u03b1\u03b9\u03c1\u03b5\u03bc\u03ad\u03bd\u03b1 \u03c4\u03b1 \u03ba\u03b5\u03bd\u03ac \u03b1\u03c0\u03cc \u03c4\u03bf \u03ad\u03bd\u03b1 \u03ae \u03ba\u03b1\u03b9 \u03c4\u03b1 \u03b4\u03cd\u03bf \u03ac\u03ba\u03c1\u03b1.",
    "TEXT_TRIM_OPERATOR_BOTH": "\u03c0\u03b5\u03c1\u03b9\u03ba\u03cc\u03c0\u03c4\u03b5\u03b9 \u03c4\u03b1 \u03ba\u03b5\u03bd\u03ac \u03ba\u03b1\u03b9 \u03b1\u03c0\u03cc \u03c4\u03b9\u03c2 \u03b4\u03c5\u03bf \u03c0\u03bb\u03b5\u03c5\u03c1\u03ad\u03c2",
    "TEXT_TRIM_OPERATOR_LEFT": "\u03c0\u03b5\u03c1\u03b9\u03ba\u03cc\u03c0\u03c4\u03b5\u03b9 \u03c4\u03b1 \u03ba\u03b5\u03bd\u03ac \u03b1\u03c0\u03cc \u03c4\u03b7\u03bd \u03b1\u03c1\u03b9\u03c3\u03c4\u03b5\u03c1\u03ae \u03c0\u03bb\u03b5\u03c5\u03c1\u03ac",
    "TEXT_TRIM_OPERATOR_RIGHT": "\u03c0\u03b5\u03c1\u03b9\u03ba\u03cc\u03c0\u03c4\u03b5\u03b9 \u03c4\u03b1 \u03ba\u03b5\u03bd\u03ac \u03b1\u03c0\u03cc \u03c4\u03b7\u03bd \u03b4\u03b5\u03be\u03b9\u03ac \u03c0\u03bb\u03b5\u03c5\u03c1\u03ac",
    "TEXT_PRINT_HELPURL": "https://code.google.com/p/blockly/wiki/Text#Printing_text \u0395\u039c\u03a6\u0391\u039d\u0399\u03a3\u0397_\u039a\u0395\u0399\u039c\u0395\u039d\u039f\u03a5",
    "TEXT_PRINT_TITLE": "\u03b5\u03ba\u03c4\u03cd\u03c0\u03c9\u03c3\u03b5 %1",
    "TEXT_PRINT_TOOLTIP": "\u0395\u03ba\u03c4\u03c5\u03c0\u03ce\u03bd\u03b5\u03b9 \u03c4\u03bf \u03ba\u03b1\u03b8\u03bf\u03c1\u03b9\u03c3\u03bc\u03ad\u03bd\u03bf \u03ba\u03b5\u03af\u03bc\u03b5\u03bd\u03bf, \u03b1\u03c1\u03b9\u03b8\u03bc\u03cc \u03ae \u03ac\u03bb\u03bb\u03b7 \u03c4\u03b9\u03bc\u03ae.",
    "TEXT_PROMPT_HELPURL": "https://code.google.com/p/blockly/wiki/Text#Getting_input_from_the_user \u0395\u0399\u03a3\u0391\u0393\u03a9\u0393\u0397_\u0394\u0395\u0394\u039f\u039c\u0395\u039d\u03a9\u039d_\u0391\u03a0\u039f_\u03a4\u039f\u039d_\u03a7\u03a1\u0397\u03a3\u03a4\u0397",
    "TEXT_PROMPT_TYPE_TEXT": "\u03c0\u03c1\u03bf\u03c4\u03c1\u03bf\u03c0\u03ae \u03bc\u03b5 \u03bc\u03ae\u03bd\u03c5\u03bc\u03b1 \u03b3\u03b9\u03b1 \u03bd\u03b1 \u03b4\u03bf\u03b8\u03b5\u03af \u03ba\u03b5\u03af\u03bc\u03b5\u03bd\u03bf",
    "TEXT_PROMPT_TYPE_NUMBER": "\u03c0\u03c1\u03bf\u03c4\u03c1\u03bf\u03c0\u03ae \u03bc\u03b5 \u03bc\u03ae\u03bd\u03c5\u03bc\u03b1 \u03b3\u03b9\u03b1 \u03bd\u03b1 \u03b4\u03bf\u03b8\u03b5\u03af \u03b1\u03c1\u03b9\u03b8\u03bc\u03cc\u03c2",
    "TEXT_PROMPT_TOOLTIP_NUMBER": "\u03a0\u03c1\u03bf\u03c4\u03c1\u03bf\u03c0\u03ae \u03b3\u03b9\u03b1 \u03c4\u03bf \u03c7\u03c1\u03ae\u03c3\u03c4\u03b7 \u03b3\u03b9\u03b1 \u03bd\u03b1 \u03b4\u03ce\u03c3\u03b5\u03b9 \u03ad\u03bd\u03b1 \u03b1\u03c1\u03b9\u03b8\u03bc\u03cc.",
    "TEXT_PROMPT_TOOLTIP_TEXT": "\u03a0\u03c1\u03bf\u03c4\u03c1\u03bf\u03c0\u03ae \u03b3\u03b9\u03b1 \u03c4\u03bf \u03c7\u03c1\u03ae\u03c3\u03c4\u03b7 \u03b3\u03b9\u03b1 \u03bd\u03b1 \u03b4\u03ce\u03c3\u03b5\u03b9 \u03ba\u03ac\u03c0\u03bf\u03b9\u03bf \u03ba\u03b5\u03af\u03bc\u03b5\u03bd\u03bf.",
    "LISTS_CREATE_EMPTY_HELPURL": "\u03bb\u03af\u03c3\u03c4\u03b1",
    "LISTS_CREATE_EMPTY_TITLE": "\u03b4\u03b7\u03bc\u03b9\u03bf\u03c5\u03c1\u03b3\u03af\u03b1 \u03ba\u03b5\u03bd\u03ae\u03c2 \u03bb\u03af\u03c3\u03c4\u03b1",
    "LISTS_CREATE_EMPTY_TOOLTIP": "\u0395\u03c0\u03b9\u03c3\u03c4\u03c1\u03ad\u03c6\u03b5\u03b9 \u03bc\u03b9\u03b1 \u03bb\u03af\u03c3\u03c4\u03b1, \u03bc\u03b5 \u03bc\u03ae\u03ba\u03bf\u03c2 0, \u03b7 \u03bf\u03c0\u03bf\u03af\u03b1 \u03b4\u03b5\u03bd \u03c0\u03b5\u03c1\u03b9\u03ad\u03c7\u03b5\u03b9 \u03b5\u03b3\u03b3\u03c1\u03b1\u03c6\u03ad\u03c2 \u03b4\u03b5\u03b4\u03bf\u03bc\u03ad\u03bd\u03c9\u03bd",
    "LISTS_CREATE_WITH_TOOLTIP": "\u03bb\u03af\u03c3\u03c4\u03b1",
    "LISTS_CREATE_WITH_INPUT_WITH": "\u03bb\u03af\u03c3\u03c4\u03b1",
    "LISTS_CREATE_WITH_CONTAINER_TITLE_ADD": "\u03bb\u03af\u03c3\u03c4\u03b1",
    "LISTS_CREATE_WITH_CONTAINER_TOOLTIP": "\u03bb\u03af\u03c3\u03c4\u03b1\u03bc\u03c0\u03bb\u03bf\u03ba",
    "LISTS_CREATE_WITH_ITEM_TOOLTIP": "\u03a0\u03c1\u03bf\u03c3\u03b8\u03ae\u03ba\u03b7 \u03b1\u03bd\u03c4\u03b9\u03ba\u03b5\u03b9\u03bc\u03ad\u03bd\u03bf\u03c5 \u03c3\u03c4\u03b7 \u03bb\u03af\u03c3\u03c4\u03b1.",
    "LISTS_REPEAT_HELPURL": "Blockly",
    "LISTS_REPEAT_TOOLTIP": "\u0394\u03b7\u03bc\u03b9\u03bf\u03c5\u03c1\u03b3\u03b5\u03af \u03bc\u03b9\u03b1 \u03bb\u03af\u03c3\u03c4\u03b1 \u03c0\u03bf\u03c5 \u03b1\u03c0\u03bf\u03c4\u03b5\u03bb\u03b5\u03af\u03c4\u03b1\u03b9 \u03b1\u03c0\u03cc \u03c4\u03b7\u03bd \u03b4\u03b5\u03b4\u03bf\u03bc\u03ad\u03bd\u03b7 \u03c4\u03b9\u03bc\u03ae \u03c0\u03bf\u03c5 \u03b5\u03c0\u03b1\u03bd\u03b1\u03bb\u03b1\u03bc\u03b2\u03ac\u03bd\u03b5\u03c4\u03b1\u03b9 \u03b3\u03b9\u03b1 \u03c3\u03c5\u03b3\u03ba\u03b5\u03ba\u03c1\u03b9\u03bc\u03ad\u03bd\u03bf \u03b1\u03c1\u03b9\u03b8\u03bc\u03cc \u03b5\u03c0\u03b1\u03bd\u03b1\u03bb\u03ae\u03c8\u03b5\u03c9\u03bd.",
    "LISTS_REPEAT_TITLE": "\u03b4\u03b7\u03bc\u03b9\u03bf\u03c5\u03c1\u03b3\u03b5\u03af \u03bb\u03af\u03c3\u03c4\u03b1 \u03bc\u03b5 \u03c4\u03bf \u03c3\u03c4\u03bf\u03b9\u03c7\u03b5\u03af\u03bf %1 \u03bd\u03b1 \u03b5\u03c0\u03b1\u03bd\u03b1\u03bb\u03b1\u03bc\u03b2\u03ac\u03bd\u03b5\u03c4\u03b1\u03b9 %2 \u03c6\u03bf\u03c1\u03ad\u03c2",
    "LISTS_LENGTH_HELPURL": "Blockly",
    "LISTS_LENGTH_TITLE": "\u03c4\u03bf \u03bc\u03ae\u03ba\u03bf\u03c2 \u03c4\u03bf\u03c5 %1",
    "LISTS_LENGTH_TOOLTIP": "\u0395\u03c0\u03b9\u03c3\u03c4\u03c1\u03ad\u03c6\u03b5\u03b9 \u03c4\u03bf \u03bc\u03ae\u03ba\u03bf\u03c2 \u03bc\u03b9\u03b1\u03c2 \u03bb\u03af\u03c3\u03c4\u03b1\u03c2.",
    "LISTS_IS_EMPTY_HELPURL": "https://code.google.com/p/blockly/wiki/Lists#is_empty \u0395\u0399\u039d\u0391\u0399_\u0391\u0394\u0395\u0399\u0391",
    "LISTS_IS_EMPTY_TITLE": "\u03c4\u03bf %1 \u03b5\u03af\u03bd\u03b1\u03b9 \u03ba\u03b5\u03bd\u03cc",
    "LISTS_TOOLTIP": "\u0395\u03c0\u03b9\u03c3\u03c4\u03c1\u03ad\u03c6\u03b5\u03b9 \u03b1\u03bb\u03b7\u03b8\u03ae\u03c2 \u03b1\u03bd \u03b7 \u03bb\u03af\u03c3\u03c4\u03b1 \u03b5\u03af\u03bd\u03b1\u03b9 \u03ba\u03b5\u03bd\u03ae.",
    "LISTS_INLIST": "\u03c3\u03c4\u03b7 \u03bb\u03af\u03c3\u03c4\u03b1",
    "LISTS_INDEX_OF_HELPURL": "Blockly",
    "LISTS_INDEX_OF_FIRST": "\u03b2\u03c1\u03b5\u03af\u03c4\u03b5 \u03c4\u03b7\u03bd \u03c0\u03c1\u03ce\u03c4\u03b7 \u03b5\u03bc\u03c6\u03ac\u03bd\u03b9\u03c3\u03b7 \u03c4\u03bf\u03c5 \u03c3\u03c4\u03bf\u03b9\u03c7\u03b5\u03af\u03bf\u03c5",
    "LISTS_INDEX_OF_LAST": "\u03b2\u03c1\u03b5\u03af\u03c4\u03b5 \u03c4\u03b7\u03bd \u03c4\u03b5\u03bb\u03b5\u03c5\u03c4\u03b1\u03af\u03b1 \u03b5\u03bc\u03c6\u03ac\u03bd\u03b9\u03c3\u03b7 \u03c4\u03bf\u03c5 \u03c3\u03c4\u03bf\u03b9\u03c7\u03b5\u03af\u03bf\u03c5",
    "LISTS_INDEX_OF_TOOLTIP": "\u0395\u03c0\u03b9\u03c3\u03c4\u03c1\u03ad\u03c6\u03b5\u03b9 \u03c4\u03bf \u03b4\u03b5\u03af\u03ba\u03c4\u03b7 \u03c4\u03b7\u03c2 \u03c0\u03c1\u03ce\u03c4\u03b7\u03c2/\u03c4\u03b5\u03bb\u03b5\u03c5\u03c4\u03b1\u03af\u03b1\u03c2 \u03b5\u03bc\u03c6\u03ac\u03bd\u03b9\u03c3\u03b7\u03c2 \u03c4\u03bf\u03c5 \u03c3\u03c4\u03bf\u03b9\u03c7\u03b5\u03af\u03bf\u03c5 \u03c3\u03c4\u03b7 \u03bb\u03af\u03c3\u03c4\u03b1.  \u0395\u03c0\u03b9\u03c3\u03c4\u03c1\u03ad\u03c6\u03b5\u03b9 \u03c4\u03b9\u03bc\u03ae 0, \u03b1\u03bd \u03c4\u03bf \u03ba\u03b5\u03af\u03bc\u03b5\u03bd\u03bf \u03b4\u03b5\u03bd \u03b2\u03c1\u03b5\u03b8\u03b5\u03af.",
    "LISTS_GET_INDEX_GET": "\u03c0\u03ac\u03c1\u03b5",
    "LISTS_GET_INDEX_GET_REMOVE": "\u03a0\u03ac\u03c1\u03b5 \u03ba\u03b1\u03b9 \u03b1\u03c6\u03b1\u03af\u03c1\u03b5\u03c3\u03b5",
    "LISTS_GET_INDEX_REMOVE": "\u0391\u03c6\u03b1\u03af\u03c1\u03b5\u03c3\u03b5",
    "LISTS_GET_INDEX_FROM_START": "#",
    "LISTS_GET_INDEX_FROM_END": "# \u03b1\u03c0\u03cc \u03c4\u03bf \u03c4\u03ad\u03bb\u03bf\u03c2",
    "LISTS_GET_INDEX_FIRST": "\u03c0\u03c1\u03ce\u03c4\u03bf",
    "LISTS_GET_INDEX_LAST": "\u03c4\u03b5\u03bb\u03b5\u03c5\u03c4\u03b1\u03af\u03bf",
    "LISTS_GET_INDEX_RANDOM": "\u03c4\u03c5\u03c7\u03b1\u03af\u03bf",
    "LISTS_GET_INDEX_TOOLTIP_GET_FROM_START": "\u0395\u03c0\u03b9\u03c3\u03c4\u03c1\u03ad\u03c6\u03b5\u03b9 \u03c4\u03bf \u03c3\u03c4\u03bf\u03b9\u03c7\u03b5\u03af\u03bf \u03c3\u03c4\u03b7\u03bd \u03ba\u03b1\u03b8\u03bf\u03c1\u03b9\u03c3\u03bc\u03ad\u03bd\u03b7 \u03b8\u03ad\u03c3\u03b7 \u03c3\u03b5 \u03bc\u03b9\u03b1 \u03bb\u03af\u03c3\u03c4\u03b1.  #1 \u03b5\u03af\u03bd\u03b1\u03b9 \u03c4\u03bf \u03c0\u03c1\u03ce\u03c4\u03bf \u03c3\u03c4\u03bf\u03b9\u03c7\u03b5\u03af\u03bf.",
    "LISTS_GET_INDEX_TOOLTIP_GET_FROM_END": "\u0395\u03c0\u03b9\u03c3\u03c4\u03c1\u03ad\u03c6\u03b5\u03b9 \u03c4\u03bf \u03c3\u03c4\u03bf\u03b9\u03c7\u03b5\u03af\u03bf \u03c3\u03c4\u03b7\u03bd \u03ba\u03b1\u03b8\u03bf\u03c1\u03b9\u03c3\u03bc\u03ad\u03bd\u03b7 \u03b8\u03ad\u03c3\u03b7 \u03c3\u03b5 \u03bc\u03b9\u03b1 \u03bb\u03af\u03c3\u03c4\u03b1.  #1 \u03b5\u03af\u03bd\u03b1\u03b9 \u03c4\u03bf \u03c4\u03b5\u03bb\u03b5\u03c5\u03c4\u03b1\u03af\u03bf \u03c3\u03c4\u03bf\u03b9\u03c7\u03b5\u03af\u03bf.",
    "LISTS_GET_INDEX_TOOLTIP_GET_FIRST": "\u0395\u03c0\u03b9\u03c3\u03c4\u03c1\u03ad\u03c6\u03b5\u03b9 \u03c4\u03bf \u03c0\u03c1\u03ce\u03c4\u03bf \u03c3\u03c4\u03bf\u03b9\u03c7\u03b5\u03af\u03bf \u03c3\u03b5 \u03bc\u03b9\u03b1 \u03bb\u03af\u03c3\u03c4\u03b1.",
    "LISTS_GET_INDEX_TOOLTIP_GET_LAST": "\u0395\u03c0\u03b9\u03c3\u03c4\u03c1\u03ad\u03c6\u03b5\u03b9 \u03c4\u03bf \u03c4\u03b5\u03bb\u03b5\u03c5\u03c4\u03b1\u03af\u03bf \u03c3\u03c4\u03bf\u03b9\u03c7\u03b5\u03af\u03bf \u03c3\u03b5 \u03bc\u03b9\u03b1 \u03bb\u03af\u03c3\u03c4\u03b1.",
    "LISTS_GET_INDEX_TOOLTIP_GET_RANDOM": "\u0395\u03c0\u03b9\u03c3\u03c4\u03c1\u03ad\u03c6\u03b5\u03b9 \u03ad\u03bd\u03b1 \u03c4\u03c5\u03c7\u03b1\u03af\u03bf \u03c3\u03c4\u03bf\u03b9\u03c7\u03b5\u03af\u03bf \u03c3\u03b5 \u03bc\u03b9\u03b1 \u03bb\u03af\u03c3\u03c4\u03b1.",
    "LISTS_GET_INDEX_TOOLTIP_GET_REMOVE_FROM_START": "\u0391\u03c6\u03b1\u03b9\u03c1\u03b5\u03af \u03ba\u03b1\u03b9 \u03b5\u03c0\u03b9\u03c3\u03c4\u03c1\u03ad\u03c6\u03b5\u03b9 \u03c4\u03bf \u03c3\u03c4\u03bf\u03b9\u03c7\u03b5\u03af\u03bf \u03c3\u03c4\u03b7\u03bd \u03ba\u03b1\u03b8\u03bf\u03c1\u03b9\u03c3\u03bc\u03ad\u03bd\u03b7 \u03b8\u03ad\u03c3\u03b7 \u03c3\u03b5 \u03bc\u03b9\u03b1 \u03bb\u03af\u03c3\u03c4\u03b1.  #1 \u03b5\u03af\u03bd\u03b1\u03b9 \u03c4\u03bf \u03c0\u03c1\u03ce\u03c4\u03bf \u03c3\u03c4\u03bf\u03b9\u03c7\u03b5\u03af\u03bf.",
    "LISTS_GET_INDEX_TOOLTIP_GET_REMOVE_FROM_END": "\u0391\u03c6\u03b1\u03b9\u03c1\u03b5\u03af \u03ba\u03b1\u03b9 \u03b5\u03c0\u03b9\u03c3\u03c4\u03c1\u03ad\u03c6\u03b5\u03b9 \u03c4\u03bf \u03c3\u03c4\u03bf\u03b9\u03c7\u03b5\u03af\u03bf \u03c3\u03c4\u03b7\u03bd \u03ba\u03b1\u03b8\u03bf\u03c1\u03b9\u03c3\u03bc\u03ad\u03bd\u03b7 \u03b8\u03ad\u03c3\u03b7 \u03c3\u03b5 \u03bc\u03b9\u03b1 \u03bb\u03af\u03c3\u03c4\u03b1.  #1 \u03b5\u03af\u03bd\u03b1\u03b9 \u03c4\u03bf \u03c4\u03b5\u03bb\u03b5\u03c5\u03c4\u03b1\u03af\u03bf \u03c3\u03c4\u03bf\u03b9\u03c7\u03b5\u03af\u03bf.",
    "LISTS_GET_INDEX_TOOLTIP_GET_REMOVE_FIRST": "\u0391\u03c6\u03b1\u03b9\u03c1\u03b5\u03af \u03ba\u03b1\u03b9 \u03b5\u03c0\u03b9\u03c3\u03c4\u03c1\u03ad\u03c6\u03b5\u03b9 \u03c4\u03bf \u03c0\u03c1\u03ce\u03c4\u03bf \u03c3\u03c4\u03bf\u03b9\u03c7\u03b5\u03af\u03bf \u03c3\u03b5 \u03bc\u03b9\u03b1 \u03bb\u03af\u03c3\u03c4\u03b1.",
    "LISTS_GET_INDEX_TOOLTIP_GET_REMOVE_LAST": "\u0391\u03c6\u03b1\u03b9\u03c1\u03b5\u03af \u03ba\u03b1\u03b9 \u03b5\u03c0\u03b9\u03c3\u03c4\u03c1\u03ad\u03c6\u03b5\u03b9 \u03c4\u03bf \u03c4\u03b5\u03bb\u03b5\u03c5\u03c4\u03b1\u03af\u03bf \u03c3\u03c4\u03bf\u03b9\u03c7\u03b5\u03af\u03bf \u03c3\u03b5 \u03bc\u03b9\u03b1 \u03bb\u03af\u03c3\u03c4\u03b1.",
    "LISTS_GET_INDEX_TOOLTIP_GET_REMOVE_RANDOM": "\u0391\u03c6\u03b1\u03b9\u03c1\u03b5\u03af \u03ba\u03b1\u03b9 \u03b5\u03c0\u03b9\u03c3\u03c4\u03c1\u03ad\u03c6\u03b5\u03b9 \u03ad\u03bd\u03b1 \u03c4\u03c5\u03c7\u03b1\u03af\u03bf \u03c3\u03c4\u03bf\u03b9\u03c7\u03b5\u03af\u03bf \u03c3\u03b5 \u03bc\u03b9\u03b1 \u03bb\u03af\u03c3\u03c4\u03b1.",
    "LISTS_GET_INDEX_TOOLTIP_REMOVE_FROM_START": "\u0391\u03c6\u03b1\u03b9\u03c1\u03b5\u03af \u03c4\u03bf \u03c3\u03c4\u03bf\u03b9\u03c7\u03b5\u03af\u03bf \u03c3\u03c4\u03b7\u03bd \u03ba\u03b1\u03b8\u03bf\u03c1\u03b9\u03c3\u03bc\u03ad\u03bd\u03b7 \u03b8\u03ad\u03c3\u03b7 \u03c3\u03b5 \u03bc\u03b9\u03b1 \u03bb\u03af\u03c3\u03c4\u03b1.  #1 \u03b5\u03af\u03bd\u03b1\u03b9 \u03c4\u03bf \u03c0\u03c1\u03ce\u03c4\u03bf \u03c3\u03c4\u03bf\u03b9\u03c7\u03b5\u03af\u03bf.",
    "LISTS_GET_INDEX_TOOLTIP_REMOVE_FROM_END": "\u0391\u03c6\u03b1\u03b9\u03c1\u03b5\u03af \u03c4\u03bf \u03c3\u03c4\u03bf\u03b9\u03c7\u03b5\u03af\u03bf \u03c3\u03c4\u03b7\u03bd \u03ba\u03b1\u03b8\u03bf\u03c1\u03b9\u03c3\u03bc\u03ad\u03bd\u03b7 \u03b8\u03ad\u03c3\u03b7 \u03c3\u03b5 \u03bc\u03b9\u03b1 \u03bb\u03af\u03c3\u03c4\u03b1.  #1 \u03b5\u03af\u03bd\u03b1\u03b9 \u03c4\u03bf \u03c4\u03b5\u03bb\u03b5\u03c5\u03c4\u03b1\u03af\u03bf \u03c3\u03c4\u03bf\u03b9\u03c7\u03b5\u03af\u03bf.",
    "LISTS_GET_INDEX_TOOLTIP_REMOVE_FIRST": "\u039a\u03b1\u03c4\u03b1\u03c1\u03b3\u03b5\u03af \u03c4\u03bf \u03c0\u03c1\u03ce\u03c4\u03bf \u03c3\u03c4\u03bf\u03b9\u03c7\u03b5\u03af\u03bf \u03c3\u03b5 \u03bc\u03b9\u03b1 \u03bb\u03af\u03c3\u03c4\u03b1.",
    "LISTS_GET_INDEX_TOOLTIP_REMOVE_LAST": "\u039a\u03b1\u03c4\u03b1\u03c1\u03b3\u03b5\u03af \u03c4\u03bf \u03c4\u03b5\u03bb\u03b5\u03c5\u03c4\u03b1\u03af\u03bf \u03c3\u03c4\u03bf\u03b9\u03c7\u03b5\u03af\u03bf \u03c3\u03b5 \u03bc\u03b9\u03b1 \u03bb\u03af\u03c3\u03c4\u03b1.",
    "LISTS_GET_INDEX_TOOLTIP_REMOVE_RANDOM": "\u039a\u03b1\u03c4\u03b1\u03c1\u03b3\u03b5\u03af \u03ad\u03bd\u03b1 \u03c4\u03c5\u03c7\u03b1\u03af\u03bf \u03c3\u03c4\u03bf\u03b9\u03c7\u03b5\u03af\u03bf \u03c3\u03b5 \u03bc\u03b9\u03b1 \u03bb\u03af\u03c3\u03c4\u03b1.",
    "LISTS_SET_INDEX_HELPURL": "https://code.google.com/p/blockly/wiki/Lists#in_list_..._set",
    "LISTS_SET_INDEX_SET": "\u03cc\u03c1\u03b9\u03c3\u03b5",
    "LISTS_SET_INDEX_INSERT": "\u03b5\u03b9\u03c3\u03b1\u03b3\u03c9\u03b3\u03ae \u03c3\u03c4\u03bf",
    "LISTS_SET_INDEX_INPUT_TO": "\u03cc\u03c0\u03c9\u03c2",
    "LISTS_SET_INDEX_TOOLTIP_SET_FROM_START": "\u039f\u03c1\u03af\u03b6\u03b5\u03b9 \u03c4\u03bf \u03c3\u03c4\u03bf\u03b9\u03c7\u03b5\u03af\u03bf \u03c3\u03c4\u03b7\u03bd \u03ba\u03b1\u03b8\u03bf\u03c1\u03b9\u03c3\u03bc\u03ad\u03bd\u03b7 \u03b8\u03ad\u03c3\u03b7 \u03c3\u03b5 \u03bc\u03b9\u03b1 \u03bb\u03af\u03c3\u03c4\u03b1.  #1 \u03b5\u03af\u03bd\u03b1\u03b9 \u03c4\u03bf \u03c0\u03c1\u03ce\u03c4\u03bf \u03c3\u03c4\u03bf\u03b9\u03c7\u03b5\u03af\u03bf.",
    "LISTS_SET_INDEX_TOOLTIP_SET_FROM_END": "\u039f\u03c1\u03af\u03b6\u03b5\u03b9 \u03c4\u03bf \u03c3\u03c4\u03bf\u03b9\u03c7\u03b5\u03af\u03bf \u03c3\u03c4\u03b7\u03bd \u03ba\u03b1\u03b8\u03bf\u03c1\u03b9\u03c3\u03bc\u03ad\u03bd\u03b7 \u03b8\u03ad\u03c3\u03b7 \u03c3\u03b5 \u03bc\u03b9\u03b1 \u03bb\u03af\u03c3\u03c4\u03b1.  #1 \u03b5\u03af\u03bd\u03b1\u03b9 \u03c4\u03bf \u03c4\u03b5\u03bb\u03b5\u03c5\u03c4\u03b1\u03af\u03bf \u03c3\u03c4\u03bf\u03b9\u03c7\u03b5\u03af\u03bf.",
    "LISTS_SET_INDEX_TOOLTIP_SET_FIRST": "\u039f\u03c1\u03af\u03b6\u03b5\u03b9 \u03c4\u03bf \u03c0\u03c1\u03ce\u03c4\u03bf \u03c3\u03c4\u03bf\u03b9\u03c7\u03b5\u03af\u03bf \u03c3\u03b5 \u03bc\u03b9\u03b1 \u03bb\u03af\u03c3\u03c4\u03b1.",
    "LISTS_SET_INDEX_TOOLTIP_SET_LAST": "\u039f\u03c1\u03af\u03b6\u03b5\u03b9 \u03c4\u03bf \u03c4\u03b5\u03bb\u03b5\u03c5\u03c4\u03b1\u03af\u03bf \u03c3\u03c4\u03bf\u03b9\u03c7\u03b5\u03af\u03bf \u03c3\u03b5 \u03bc\u03b9\u03b1 \u03bb\u03af\u03c3\u03c4\u03b1.",
    "LISTS_SET_INDEX_TOOLTIP_SET_RANDOM": "\u039f\u03c1\u03af\u03b6\u03b5\u03b9 \u03ad\u03bd\u03b1 \u03c4\u03c5\u03c7\u03b1\u03af\u03bf \u03c3\u03c4\u03bf\u03b9\u03c7\u03b5\u03af\u03bf \u03c3\u03b5 \u03bc\u03b9\u03b1 \u03bb\u03af\u03c3\u03c4\u03b1.",
    "LISTS_SET_INDEX_TOOLTIP_INSERT_FROM_START": "\u0395\u03b9\u03c3\u03ac\u03b3\u03b5\u03b9 \u03c4\u03bf \u03c3\u03c4\u03bf\u03b9\u03c7\u03b5\u03af\u03bf  \u03c3\u03c4\u03b7\u03bd \u03ba\u03b1\u03b8\u03bf\u03c1\u03b9\u03c3\u03bc\u03ad\u03bd\u03b7 \u03b8\u03ad\u03c3\u03b7 \u03c3\u03b5 \u03bc\u03b9\u03b1 \u03bb\u03af\u03c3\u03c4\u03b1.  #1 \u03b5\u03af\u03bd\u03b1\u03b9 \u03c4\u03bf \u03c0\u03c1\u03ce\u03c4\u03bf \u03c3\u03c4\u03bf\u03b9\u03c7\u03b5\u03af\u03bf.",
    "LISTS_SET_INDEX_TOOLTIP_INSERT_FROM_END": "\u0395\u03b9\u03c3\u03ac\u03b3\u03b5\u03b9 \u03c4\u03bf \u03c3\u03c4\u03bf\u03b9\u03c7\u03b5\u03af\u03bf \u03c3\u03b5 \u03c3\u03c5\u03b3\u03ba\u03b5\u03ba\u03c1\u03b9\u03bc\u03ad\u03bd\u03b7 \u03b8\u03ad\u03c3\u03b7 \u03c3\u03b5 \u03bc\u03b9\u03b1 \u03bb\u03af\u03c3\u03c4\u03b1. # 1 \u03b5\u03af\u03bd\u03b1\u03b9 \u03c4\u03bf \u03c4\u03b5\u03bb\u03b5\u03c5\u03c4\u03b1\u03af\u03bf \u03c3\u03c4\u03bf\u03b9\u03c7\u03b5\u03af\u03bf.",
    "LISTS_SET_INDEX_TOOLTIP_INSERT_FIRST": "\u0395\u03b9\u03c3\u03ac\u03b3\u03b5\u03b9 \u03c4\u03bf \u03c3\u03c4\u03bf\u03b9\u03c7\u03b5\u03af\u03bf \u03ba\u03b1\u03c4\u03ac \u03c4\u03b7\u03bd \u03ad\u03bd\u03b1\u03c1\u03be\u03b7 \u03bc\u03b9\u03b1\u03c2 \u03bb\u03af\u03c3\u03c4\u03b1\u03c2",
    "LISTS_SET_INDEX_TOOLTIP_INSERT_LAST": "\u0395\u03c0\u03b9\u03c3\u03c5\u03bd\u03ac\u03c0\u03c4\u03b5\u03b9 \u03c4\u03bf \u03c3\u03c4\u03bf\u03b9\u03c7\u03b5\u03af\u03bf \u03c3\u03c4\u03bf \u03c4\u03ad\u03bb\u03bf\u03c2 \u03bc\u03b9\u03b1\u03c2 \u03bb\u03af\u03c3\u03c4\u03b1\u03c2.",
    "LISTS_SET_INDEX_TOOLTIP_INSERT_RANDOM": "\u0395\u03b9\u03c3\u03ac\u03b3\u03b5\u03b9 \u03c4\u03bf \u03c3\u03c4\u03bf\u03b9\u03c7\u03b5\u03af\u03bf \u03c4\u03c5\u03c7\u03b1\u03af\u03b1 \u03c3\u03b5 \u03bc\u03b9\u03b1 \u03bb\u03af\u03c3\u03c4\u03b1.",
    "LISTS_GET_SUBLIST_HELPURL": "Blockly",
    "LISTS_GET_SUBLIST_START_FROM_START": "\u03c5\u03c0\u03bf \u03bb\u03af\u03c3\u03c4\u03b1",
    "LISTS_GET_SUBLIST_START_FROM_END": "\u03bb\u03af\u03c3\u03c4\u03b1",
    "LISTS_GET_SUBLIST_START_FIRST": "\u03bb\u03af\u03c3\u03c4\u03b1",
    "LISTS_GET_SUBLIST_END_FROM_START": "\u03ad\u03c9\u03c2 #",
    "LISTS_GET_SUBLIST_END_FROM_END": "\u03ad\u03c9\u03c2 # \u03b1\u03c0\u03cc \u03c4\u03bf \u03c4\u03ad\u03bb\u03bf\u03c2",
    "LISTS_GET_SUBLIST_END_LAST": "\u03ad\u03c9\u03c2 \u03c4\u03bf \u03c4\u03b5\u03bb\u03b5\u03c5\u03c4\u03b1\u03af\u03bf",
    "LISTS_GET_SUBLIST_TOOLTIP": "\u0394\u03b7\u03bc\u03b9\u03bf\u03c5\u03c1\u03b3\u03b5\u03af \u03ad\u03bd\u03b1 \u03b1\u03bd\u03c4\u03af\u03b3\u03c1\u03b1\u03c6\u03bf \u03c4\u03bf\u03c5 \u03ba\u03b1\u03b8\u03bf\u03c1\u03b9\u03c3\u03bc\u03ad\u03bd\u03bf\u03c5 \u03c4\u03bc\u03ae\u03bc\u03b1\u03c4\u03bf\u03c2 \u03bc\u03b9\u03b1\u03c2 \u03bb\u03af\u03c3\u03c4\u03b1\u03c2.",
    "VARIABLES_GET_HELPURL": "http://code.google.com/p/blockly/wiki/Variables#Get",
    "VARIABLES_GET_TOOLTIP": "\u0395\u03c0\u03b9\u03c3\u03c4\u03c1\u03ad\u03c6\u03b5\u03b9 \u03c4\u03b7\u03bd \u03c4\u03b9\u03bc\u03ae \u03b1\u03c5\u03c4\u03ae\u03c2 \u03c4\u03b7\u03c2 \u03bc\u03b5\u03c4\u03b1\u03b2\u03bb\u03b7\u03c4\u03ae\u03c2.",
    "VARIABLES_GET_CREATE_SET": "\u0394\u03b7\u03bc\u03b9\u03bf\u03cd\u03c1\u03b3\u03b7\u03c3\u03b5 '\u03cc\u03c1\u03b9\u03c3\u03b5 %1'",
    "VARIABLES_SET_HELPURL": "http://code.google.com/p/blockly/wiki/Variables#Set \u039f\u03a1\u0399\u03a3\u039c\u039f\u03a3 \u039c\u0395\u03a4\u0391\u0392\u039b\u0397\u03a4\u03a9\u039d",
    "VARIABLES_SET_TITLE": "\u03cc\u03c1\u03b9\u03c3\u03b5",
    "VARIABLES_SET_TAIL": "\u03bc\u03ad\u03c7\u03c1\u03b9",
    "VARIABLES_SET_TOOLTIP": "\u039f\u03c1\u03af\u03b6\u03b5\u03b9 \u03b1\u03c5\u03c4\u03ae \u03b7 \u03bc\u03b5\u03c4\u03b1\u03b2\u03bb\u03b7\u03c4\u03ae \u03bd\u03b1 \u03b5\u03af\u03bd\u03b1\u03b9 \u03af\u03c3\u03b7 \u03bc\u03b5 \u03c4\u03b7\u03bd \u03b5\u03af\u03c3\u03bf\u03b4\u03bf.",
    "VARIABLES_SET_CREATE_GET": "\u0394\u03b7\u03bc\u03b9\u03bf\u03c5\u03c1\u03b3\u03af\u03b1 '\u03c0\u03ac\u03c1\u03b5 %1'",
    "PROCEDURES_DEFNORETURN_HELPURL": "https://en.wikipedia.org/wiki/Procedure_%28computer_science%29",
    "PROCEDURES_DEFNORETURN_TITLE": "\u03c3\u03c4\u03bf",
    "PROCEDURES_DEFNORETURN_PROCEDURE": "\u03ba\u03ac\u03bd\u03b5 \u03ba\u03ac\u03c4\u03b9",
    "PROCEDURES_BEFORE_PARAMS": "\u03bc\u03b5:",
    "PROCEDURES_DEFNORETURN_TOOLTIP": "\u0394\u03b7\u03bc\u03b9\u03bf\u03c5\u03c1\u03b3\u03b5\u03af \u03bc\u03b9\u03b1 \u03c3\u03c5\u03bd\u03ac\u03c1\u03c4\u03b7\u03c3\u03b7 \u03c7\u03c9\u03c1\u03af\u03c2 \u03ad\u03be\u03bf\u03b4\u03bf.",
    "PROCEDURES_DEFRETURN_HELPURL": "https://en.wikipedia.org/wiki/Procedure_%28computer_science%29",
    "PROCEDURES_DEFRETURN_RETURN": "\u03b5\u03c0\u03b9\u03c3\u03c4\u03c1\u03bf\u03c6\u03ae",
    "PROCEDURES_DEFRETURN_TOOLTIP": "\u0394\u03b7\u03bc\u03b9\u03bf\u03c5\u03c1\u03b3\u03b5\u03af \u03bc\u03b9\u03b1 \u03c3\u03c5\u03bd\u03ac\u03c1\u03c4\u03b7\u03c3\u03b7 \u03bc\u03b5 \u03bc\u03b9\u03b1 \u03ad\u03be\u03bf\u03b4\u03bf.",
    "PROCEDURES_DEF_DUPLICATE_WARNING": "\u03a0\u03c1\u03bf\u03b5\u03b9\u03b4\u03bf\u03c0\u03bf\u03af\u03b7\u03c3\u03b7: \u0391\u03c5\u03c4\u03ae \u03b7 \u03c3\u03c5\u03bd\u03ac\u03c1\u03c4\u03b7\u03c3\u03b7 \u03ad\u03c7\u03b5\u03b9 \u03b4\u03b9\u03c0\u03bb\u03cc\u03c4\u03c5\u03c0\u03b5\u03c2 \u03c0\u03b1\u03c1\u03b1\u03bc\u03ad\u03c4\u03c1\u03bf\u03c5\u03c2.",
    "PROCEDURES_CALLNORETURN_HELPURL": "https://el.wikipedia.org/wiki/\u0394\u03b9\u03b1\u03b4\u03b9\u03ba\u03b1\u03c3\u03af\u03b1_(\u03c5\u03c0\u03bf\u03bb\u03bf\u03b3\u03b9\u03c3\u03c4\u03ad\u03c2)",
    "PROCEDURES_CALLNORETURN_TOOLTIP": "\u0395\u03ba\u03c4\u03ad\u03bb\u03b5\u03c3\u03b5 \u03c4\u03b7\u03bd \u03bf\u03c1\u03b9\u03b6\u03bc\u03ad\u03bd\u03b7 \u03b1\u03c0\u03cc \u03c4\u03bf \u03c7\u03c1\u03ae\u03c3\u03c4\u03b7 \u03c3\u03c5\u03bd\u03ac\u03c1\u03c4\u03b7\u03c3\u03b7 '%1'.",
    "PROCEDURES_CALLRETURN_HELPURL": "https://el.wikipedia.org/wiki/\u0394\u03b9\u03b1\u03b4\u03b9\u03ba\u03b1\u03c3\u03af\u03b1_(\u03c5\u03c0\u03bf\u03bb\u03bf\u03b3\u03b9\u03c3\u03c4\u03ad\u03c2)",
    "PROCEDURES_CALLRETURN_TOOLTIP": "\u0395\u03ba\u03c4\u03ad\u03bb\u03b5\u03c3\u03b5 \u03c4\u03b7\u03bd \u03bf\u03c1\u03b9\u03b6\u03bc\u03ad\u03bd\u03b7 \u03b1\u03c0\u03cc \u03c4\u03bf \u03c7\u03c1\u03ae\u03c3\u03c4\u03b7 \u03c3\u03c5\u03bd\u03ac\u03c1\u03c4\u03b7\u03c3\u03b7 '%1' \u03ba\u03b1\u03b9 \u03c7\u03c1\u03b7\u03c3\u03b9\u03bc\u03bf\u03c0\u03bf\u03af\u03b7\u03c3\u03b5 \u03c4\u03b7\u03bd \u03ad\u03be\u03bf\u03b4\u03bf \u03c4\u03b7\u03c2.",
    "PROCEDURES_MUTATORCONTAINER_TITLE": "\u03b5\u03af\u03c3\u03bf\u03b4\u03bf\u03b9",
    "PROCEDURES_MUTATORARG_TITLE": "\u03cc\u03bd\u03bf\u03bc\u03b1 \u03b5\u03b9\u03c3\u03cc\u03b4\u03bf\u03c5:",
    "PROCEDURES_HIGHLIGHT_DEF": "\u0395\u03c0\u03b9\u03c3\u03b7\u03bc\u03ac\u03bd\u03b5\u03c4\u03b5 \u03c4\u03bf\u03bd \u03bf\u03c1\u03b9\u03c3\u03bc\u03cc \u03c3\u03c5\u03bd\u03ac\u03c1\u03c4\u03b7\u03c3\u03b7\u03c2",
    "PROCEDURES_CREATE_DO": "\u0394\u03b7\u03bc\u03b9\u03bf\u03c5\u03c1\u03b3\u03ae\u03c3\u03c4\u03b5 '%1'",
    "PROCEDURES_IFRETURN_TOOLTIP": "\u0391\u03bd \u03bc\u03b9\u03b1 \u03c4\u03b9\u03bc\u03ae \u03b5\u03af\u03bd\u03b1\u03b9 \u03b1\u03bb\u03b7\u03b8\u03ae\u03c2, \u03c4\u03cc\u03c4\u03b5 \u03b5\u03c0\u03b9\u03c3\u03c4\u03c1\u03ad\u03c6\u03b5\u03b9 \u03c4\u03b7 \u03b4\u03b5\u03cd\u03c4\u03b5\u03c1\u03b7 \u03c4\u03b9\u03bc\u03ae.",
    "PROCEDURES_IFRETURN_WARNING": "\u03a0\u03c1\u03bf\u03b5\u03b9\u03b4\u03bf\u03c0\u03bf\u03af\u03b7\u03c3\u03b7: \u0391\u03c5\u03c4\u03cc \u03c4\u03bf \u03bc\u03c0\u03bb\u03bf\u03ba \u03bc\u03c0\u03bf\u03c1\u03b5\u03af \u03bd\u03b1 \u03c7\u03c1\u03b7\u03c3\u03b9\u03bc\u03bf\u03c0\u03bf\u03b9\u03b7\u03b8\u03b5\u03af \u03bc\u03cc\u03bd\u03bf \u03c3\u03c4\u03bf\u03bd \u03bf\u03c1\u03b9\u03c3\u03bc\u03cc \u03bc\u03b9\u03b1\u03c2 \u03c3\u03c5\u03bd\u03ac\u03c1\u03c4\u03b7\u03c3\u03b7\u03c2."
}