{
    "@metadata": {
        "authors": [
            "Mogoeilor"
        ]
    },
    "DUPLICATE_BLOCK": "\u06a9\u067e\u06cc \u06a9\u0631\u062f\u0646",
    "ADD_COMMENT": "\u0646\u0638\u0631\u062a\u0648\u0646\u0647 \u0627\u0636\u0627\u0641 \u0628\u06a9\u06cc\u062f",
    "REMOVE_COMMENT": "\u0646\u0638\u0631 \u062c\u0627 \u0648\u0647 \u062c\u0627 \u06a9\u0648",
    "EXTERNAL_INPUTS": "\u062f\u0627\u062f\u0647 \u06cc\u0627 \u0648\u0647 \u062f\u0631\u06cc",
    "INLINE_INPUTS": "\u062f\u0627\u062f\u0647 \u06cc\u0627 \u0645\u0626\u0646\u062c\u0627",
    "HELP": "\u0647\u0648\u0645\u064a\u0627\u0631\u06cc",
    "CHANGE_VALUE_TITLE": "\u0627\u0631\u0632\u0634\u062a \u0622\u0644\u0634\u062a \u06a9\u0648:",
    "COLOUR_PICKER_HELPURL": "https://en.wikipedia.org/wiki/Color",
    "COLOUR_PICKER_TOOLTIP": "\u06cc\u0647 \u0631\u0646 \u062f \u0631\u0646\u06af \u062f\u0648 \u0627\u0646\u062a\u062e\u0627\u0648 \u0628\u06a9\u06cc\u062f",
    "COLOUR_RANDOM_TITLE": "\u0631\u0646 \u0628\u062e\u062a\u06a9\u06cc",
    "COLOUR_RANDOM_TOOLTIP": "\u06cc\u0647 \u0631\u0646\u06af \u0628\u062e\u062a\u06a9\u06cc \u0627\u0646\u062a\u062e\u0627\u0648 \u0628\u06a9\u06cc\u062f",
    "COLOUR_RGB_TITLE": "\u0631\u0646 \u0648\u0627",
    "COLOUR_RGB_RED": "\u0633\u0648\u0631",
    "COLOUR_RGB_GREEN": "\u0633\u0648\u0632",
    "COLOUR_RGB_BLUE": "\u0622\u0648\u06cc",
    "COLOUR_BLEND_TITLE": "\u0634\u06cc\u0648\u0633\u062a\u0647",
    "COLOUR_BLEND_COLOUR1": "\u0631\u0646 1",
    "COLOUR_BLEND_COLOUR2": "\u0631\u0646 2",
    "COLOUR_BLEND_RATIO": "\u0646\u0633\u0648\u062a",
    "COLOUR_BLEND_TOOLTIP": "\u0647\u0631 \u06a9\u0648\u0645 \u062f \u0631\u0646\u06af\u06cc\u0627\u0646\u0647 \u0648\u0627 \u0646\u0633\u0648\u062a \u062f\u0627\u0626\u0647 \u0628\u06cc\u0647 \u0628\u0647 \u0634\u06cc\u0648\u0646(0.0 - 1.0).",
    "CONTROLS_REPEAT_HELPURL": "https://en.wikipedia.org/wiki/For_loop",
    "CONTROLS_REPEAT_TITLE": "%1 \u062a\u06a9\u0631\u0627\u0631 \u06a9\u0648 \u0686\u0646 \u0628\u0627\u0631",
    "CONTROLS_REPEAT_TITLE_REPEAT": "\u062f \u0646\u0648 \u0627\u0646\u062c\u0648\u0645 \u062f\u0626\u0646",
    "CONTROLS_REPEAT_TITLE_TIMES": "\u0648\u062e\u062a\u06cc\u0627",
    "CONTROLS_REPEAT_INPUT_DO": "\u0627\u0646\u062c\u0648\u0645 \u0628\u0626\u0647",
    "CONTROLS_WHILEUNTIL_OPERATOR_WHILE": "\u062a\u0627 \u062a\u06a9\u0631\u0627\u0631 \u06a9\u0648",
    "CONTROLS_WHILEUNTIL_OPERATOR_UNTIL": "\u062a\u0627 \u062a\u06a9\u0631\u0627\u0631 \u06a9\u0648",
    "CONTROLS_FOR_INPUT_WITH": "\u0627\u0634\u0645\u0627\u0631\u062f\u0646 \u0648\u0627",
    "CONTROLS_FOREACH_INPUT_INLIST": "\u062f \u0646\u0648\u0645 \u06af\u0647",
    "CONTROLS_FLOW_STATEMENTS_OPERATOR_BREAK": "\u062d\u0644\u0642\u0647 \u0646\u0647 \u062e\u0631\u0627\u0648 \u06a9\u0648",
    "CONTROLS_FLOW_STATEMENTS_TOOLTIP_BREAK": "\u062d\u0644\u0642\u0647 \u0634\u0648\u0645\u0644 \u0628\u06cc\u0647 \u0646\u0647 \u062e\u0631\u0627\u0648 \u06a9\u0648",
    "CONTROLS_IF_MSG_IF": "\u0627\u0631",
    "CONTROLS_IF_MSG_ELSEIF": "\u0647\u0646\u06cc \u0627\u0631",
    "CONTROLS_IF_MSG_ELSE": "\u0647\u0646\u06cc",
    "LOGIC_OPERATION_AND": "\u0648",
    "LOGIC_OPERATION_OR": "\u06cc\u0627",
    "LOGIC_NEGATE_TITLE": "\u0646\u0647 %1",
    "LOGIC_BOOLEAN_TRUE": "\u0631\u0627\u0633\u062a \u0648 \u062f\u0648\u0631\u0648\u0633\u062a",
    "LOGIC_BOOLEAN_FALSE": "\u063a\u0644\u0637",
    "LOGIC_BOOLEAN_TOOLTIP": "\u0647\u0645 \u063a\u0644\u0637 \u0648 \u0647\u0645 \u0631\u0627\u0633 \u0648\u0631\u06af\u0646",
    "LOGIC_NULL": "\u062e\u0645\u062b\u06cc",
    "LOGIC_TERNARY_CONDITION": "\u0622\u0632\u0645\u0627\u0634\u062a \u06a9\u0631\u062f\u0646",
    "LOGIC_TERNARY_IF_TRUE": "\u0627\u0631 \u062f\u0631\u0633 \u0628\u06cc",
    "LOGIC_TERNARY_IF_FALSE": "\u0627\u0631 \u063a\u0644\u0637 \u0628\u06cc",
    "MATH_NUMBER_HELPURL": "https://en.wikipedia.org/wiki/Number",
    "MATH_NUMBER_TOOLTIP": "\u06cc\u0647 \u0634\u0645\u0627\u0631\u0647.",
    "MATH_ARITHMETIC_HELPURL": "https://en.wikipedia.org/wiki/Arithmetic",
    "MATH_ARITHMETIC_TOOLTIP_ADD": "\u0648\u0647 \u0627\u0646\u0627\u0632\u0647 \u062f\u0648 \u06af\u0644 \u0634\u0645\u0627\u0631\u0647 \u0648\u0631\u06af\u0646.",
    "MATH_SINGLE_HELPURL": "https://en.wikipedia.org/wiki/Square_root",
    "MATH_SINGLE_OP_ROOT": "\u0686\u0627\u0631\u0633\u0648\u06a9 \u0631\u06cc\u0634\u0647",
    "MATH_SINGLE_OP_ABSOLUTE": "\u062a\u0645\u0648\u0645 \u0648 \u06a9\u0645\u0627\u0644",
    "MATH_TRIG_HELPURL": "https://en.wikipedia.org/wiki/Trigonometric_functions",
    "MATH_CONSTANT_HELPURL": "https://en.wikipedia.org/wiki/Mathematical_constant",
    "MATH_IS_EVEN": "\u0647\u0645\u06cc\u0634\u0647 \u0647\u06cc\u0626\u0634",
    "MATH_IS_ODD": "\u062a\u0647\u0646\u0627\u0626\u0647",
    "MATH_IS_WHOLE": "\u0647\u0645\u0634\u0647",
    "MATH_IS_POSITIVE": "\u0645\u062b\u0628\u062a\u0647",
    "MATH_IS_NEGATIVE": "\u0645\u0646\u0641\u06cc\u0647",
    "MATH_IS_DIVISIBLE_BY": "\u06cc\u0647 \u0648\u0627 \u0628\u0647\u0631 \u0628\u06cc\u0647",
    "MATH_CHANGE_HELPURL": "https://en.wikipedia.org/wiki/Programming_idiom#Incrementing_a_counter",
    "MATH_CHANGE_TITLE_CHANGE": "\u0622\u0644\u0634\u062a \u0628\u0643\u064a\u062f",
    "MATH_CHANGE_INPUT_BY": "\u0648\u0627",
    "MATH_ROUND_HELPURL": "https://en.wikipedia.org/wiki/Rounding",
    "MATH_ROUND_OPERATOR_ROUND": "\u06af\u0631\u062f \u06a9\u0631\u062f\u0646",
    "MATH_ROUND_OPERATOR_ROUNDUP": "\u0648\u0647 \u0631\u0648 \u06af\u0631\u062f \u06a9\u0631\u062f\u0646",
    "MATH_ROUND_OPERATOR_ROUNDDOWN": "\u0648\u0647 \u0647\u0627\u0631 \u06af\u0631\u062f \u06a9\u0631\u062f\u0646",
    "MATH_ONLIST_OPERATOR_AVERAGE": "\u0645\u06cc\u0646\u062c\u0627\u06af\u0647 \u0646\u0648\u0645 \u06af\u0647",
    "MATH_ONLIST_OPERATOR_MEDIAN": "\u0645\u06cc\u0646\u062c\u0627 \u0646\u0648\u0645 \u06af\u0647",
    "MATH_MODULO_HELPURL": "https://en.wikipedia.org/wiki/Modulo_operation",
    "MATH_RANDOM_INT_HELPURL": "https://en.wikipedia.org/wiki/Random_number_generation",
    "MATH_RANDOM_FLOAT_HELPURL": "https://en.wikipedia.org/wiki/Random_number_generation",
    "TEXT_TEXT_HELPURL": "https://en.wikipedia.org/wiki/String_(computer_science)",
    "TEXT_JOIN_TITLE_CREATEWITH": "\u0631\u0627\u0633 \u06a9\u0631\u062f\u0646 \u0645\u062a\u0646 \u0648\u0627",
    "TEXT_CREATE_JOIN_TITLE_JOIN": "\u067e\u06cc\u0648\u0633\u0646",
    "TEXT_APPEND_TO": "\u0633\u06cc",
    "TEXT_ISEMPTY_TITLE": "%1 \u062d\u0627\u0644\u06cc\u0647",
    "TEXT_INDEXOF_INPUT_INTEXT": "\u062f \u0645\u062a\u0646",
    "TEXT_CHARAT_INPUT_INTEXT": "\u062f \u0645\u062a\u0646",
    "TEXT_GET_SUBSTRING_INPUT_IN_TEXT": "\u062f \u0645\u062a\u0646",
    "TEXT_GET_SUBSTRING_END_FROM_START": "\u0633\u06cc \u0648\u0627\u062c#",
    "TEXT_GET_SUBSTRING_END_FROM_END": "\u0633\u06cc \u0648\u0627\u062c# \u062a\u0627 \u0622\u062e\u0631",
    "TEXT_GET_SUBSTRING_END_LAST": "\u0633\u06cc \u0622\u062e\u0631\u06cc\u0646 \u0648\u0627\u062c",
    "TEXT_CHANGECASE_OPERATOR_UPPERCASE": "\u0633\u06cc \u062d\u0631\u0641 \u06af\u067e",
    "TEXT_CHANGECASE_OPERATOR_LOWERCASE": "\u0633\u06cc \u0648\u0627\u062c \u06a9\u0624\u0686\u06a9",
    "LISTS_CREATE_EMPTY_TITLE": "\u06cc\u0647 \u06af\u0644 \u0646\u0648\u0645 \u06af\u0647 \u062d\u0627\u0644\u06cc \u0631\u0627\u0633 \u0628\u06a9\u06cc\u062a",
    "LISTS_CREATE_WITH_CONTAINER_TITLE_ADD": "\u0646\u0648\u0645 \u06af\u0647",
    "LISTS_IS_EMPTY_TITLE": "%1 \u062d\u0627\u0644\u06cc\u0647",
    "LISTS_INLIST": "\u062f \u0646\u0648\u0645 \u06af\u0647",
    "LISTS_GET_INDEX_GET": "\u06af\u0631\u062a\u0646",
    "LISTS_GET_INDEX_GET_REMOVE": "\u06af\u0631\u062a\u0646 \u0648 \u062c\u0627\u0648\u0647 \u062c\u0627 \u0628\u06cc\u0626\u0646",
    "LISTS_GET_INDEX_REMOVE": "\u0624\u0631\u062f\u0627\u0634\u062a\u0646",
    "LISTS_GET_INDEX_FROM_END": "# \u062a\u0627 \u0622\u062e\u0631",
    "LISTS_GET_INDEX_FIRST": "\u0627\u0648\u0644\u06cc",
    "LISTS_GET_INDEX_LAST": "\u0622\u062e\u0631",
    "LISTS_GET_INDEX_RANDOM": "\u0628\u062e\u062a\u0643\u06cc",
    "LISTS_SET_INDEX_INSERT": "\u0628\u0646\u0647 \u062f",
    "LISTS_SET_INDEX_INPUT_TO": "\u0686\u06cc",
    "LISTS_GET_SUBLIST_END_FROM_START": "\u0633\u06cc#",
    "LISTS_GET_SUBLIST_END_LAST": "\u0633\u06cc \u0622\u062e\u0631",
    "VARIABLES_SET_TAIL": "\u0633\u06cc",
    "PROCEDURES_DEFNORETURN_TITLE": "\u0633\u06cc",
    "PROCEDURES_BEFORE_PARAMS": "\u0648\u0627:",
    "PROCEDURES_DEFRETURN_RETURN": "\u0648\u0631\u06af\u0646\u06cc\u0626\u0646",
    "PROCEDURES_CALLNORETURN_HELPURL": "https://en.wikipedia.org/wiki/Procedure_%28computer_science%29",
    "PROCEDURES_CALLRETURN_HELPURL": "https://en.wikipedia.org/wiki/Procedure_%28computer_science%29",
    "PROCEDURES_MUTATORCONTAINER_TITLE": "\u062f\u0627\u062f\u0647 \u06cc\u0627",
    "PROCEDURES_MUTATORARG_TITLE": "\u0646\u0648\u0645 \u062f\u0627\u062f\u0647:",
    "PROCEDURES_CREATE_DO": "\u0631\u0627\u0633 \u06a9\u0631\u062f\u0646%1"
}