{
    "@metadata": {
        "authors": [
            "Espertus",
            "Prilopes"
        ]
    },
    "VARIABLES_DEFAULT_NAME": "item",
    "DUPLICATE_BLOCK": "Duplicar",
    "ADD_COMMENT": "Adicionar Coment\u00e1rio",
    "REMOVE_COMMENT": "Remover Coment\u00e1rio",
    "EXTERNAL_INPUTS": "Entrada externa",
    "INLINE_INPUTS": "Entradas Internas",
    "DELETE_BLOCK": "Remover Bloco",
    "DELETE_X_BLOCKS": "Remover %1 Blocos",
    "COLLAPSE_BLOCK": "Recolher Bloco",
    "COLLAPSE_ALL": "Recolher Blocos",
    "EXPAND_BLOCK": "Expandir Bloco",
    "EXPAND_ALL": "Expandir Blocos",
    "DISABLE_BLOCK": "Desabilitar Bloco",
    "ENABLE_BLOCK": "Habilitar Bloco",
    "HELP": "Ajuda",
    "CHANGE_VALUE_TITLE": "Mudar valor:",
    "NEW_VARIABLE": "Nova vari\u00e1vel...",
    "NEW_VARIABLE_TITLE": "Nome da nova vari\u00e1vel:",
    "RENAME_VARIABLE": "Renomear vari\u00e1vel...",
    "RENAME_VARIABLE_TITLE": "Renomear todas as vari\u00e1veis '%1' para:",
    "COLOUR_PICKER_HELPURL": "https://pt.wikipedia.org/wiki/Cor",
    "COLOUR_PICKER_TOOLTIP": "Escolher uma cor da palheta de cores.",
    "COLOUR_RANDOM_TITLE": "cor aleat\u00f3ria",
    "COLOUR_RANDOM_TOOLTIP": "Escolher cor de forma aleat\u00f3ria.",
    "COLOUR_RGB_TITLE": "colorir com",
    "COLOUR_RGB_RED": "vermelho",
    "COLOUR_RGB_GREEN": "verde",
    "COLOUR_RGB_BLUE": "azul",
    "COLOUR_RGB_TOOLTIP": "Cria uma cor de acordo com a quantidade especificada de vermelho, verde e azul. Todos os valores devem estar entre 0 e 100.",
    "COLOUR_BLEND_TITLE": "misturar",
    "COLOUR_BLEND_COLOUR1": "cor 1",
    "COLOUR_BLEND_COLOUR2": "cor 2",
    "COLOUR_BLEND_RATIO": "propor\u00e7\u00e3o",
    "COLOUR_BLEND_TOOLTIP": "Mistura duas cores dada uma propor\u00e7\u00e3o (0.0 - 1.0).",
    "CONTROLS_REPEAT_HELPURL": "https://pt.wikipedia.org/wiki/Estrutura_de_repeti%C3%A7%C3%A3o#Repeti.C3.A7.C3.A3o_com_vari.C3.A1vel_de_controle",
    "CONTROLS_REPEAT_TITLE": "Repita %1 vezes",
    "CONTROLS_REPEAT_TITLE_REPEAT": "repita",
    "CONTROLS_REPEAT_TITLE_TIMES": "vezes",
    "CONTROLS_REPEAT_INPUT_DO": "fa\u00e7a",
    "CONTROLS_REPEAT_TOOLTIP": "Fa\u00e7a algumas instru\u00e7\u00f5es v\u00e1rias vezes.",
    "CONTROLS_WHILEUNTIL_OPERATOR_WHILE": "repita enquanto",
    "CONTROLS_WHILEUNTIL_OPERATOR_UNTIL": "repita at\u00e9",
    "CONTROLS_WHILEUNTIL_TOOLTIP_WHILE": "Enquanto um valor for verdadeiro, ent\u00e3o fa\u00e7a algumas instru\u00e7\u00f5es.",
    "CONTROLS_WHILEUNTIL_TOOLTIP_UNTIL": "Enquanto um valor \u00e9 falso, ent\u00e3o fa\u00e7a algumas instru\u00e7\u00f5es.",
    "CONTROLS_FOR_TOOLTIP": "Faz com que a vari\u00e1vel %1 assuma os valores do n\u00famero inicial ao n\u00famero final, contando de acordo com o intervalo especificado, e executa os blocos especificados.",
    "CONTROLS_FOR_INPUT_WITH": "contar com",
    "CONTROLS_FOR_INPUT_FROM_TO_BY": "de %1 at\u00e9 %2 por %3",
    "CONTROLS_FOREACH_INPUT_ITEM": "para cada item",
    "CONTROLS_FOREACH_INPUT_INLIST": "na lista",
    "CONTROLS_FOREACH_TOOLTIP": "Para cada item em uma lista, atribui o item \u00e0 vari\u00e1vel \"%1\", e ent\u00e3o realiza algumas instru\u00e7\u00f5es.",
    "CONTROLS_FLOW_STATEMENTS_OPERATOR_BREAK": "encerra o la\u00e7o",
    "CONTROLS_FLOW_STATEMENTS_OPERATOR_CONTINUE": "continua com a pr\u00f3xima itera\u00e7\u00e3o do la\u00e7o",
    "CONTROLS_FLOW_STATEMENTS_TOOLTIP_BREAK": "Encerra o la\u00e7o.",
    "CONTROLS_FLOW_STATEMENTS_TOOLTIP_CONTINUE": "Ignora o resto deste la\u00e7o, e continua com a pr\u00f3xima itera\u00e7\u00e3o.",
    "CONTROLS_FLOW_STATEMENTS_WARNING": "Aten\u00e7\u00e3o: Este bloco s\u00f3 pode ser usado dentro de um la\u00e7o.",
    "CONTROLS_IF_TOOLTIP_1": "Se um valor \u00e9 verdadeiro, ent\u00e3o realize algumas instru\u00e7\u00f5es.",
    "CONTROLS_IF_TOOLTIP_2": "Se um valor \u00e9 verdadeiro, ent\u00e3o realize o primeiro bloco de instru\u00e7\u00f5es.  Sen\u00e3o, realize o segundo bloco de instru\u00e7\u00f5es.",
    "CONTROLS_IF_TOOLTIP_3": "Se o primeiro valor \u00e9 verdadeiro, ent\u00e3o realize o primeiro bloco de instru\u00e7\u00f5es.  Sen\u00e3o, se o segundo valor \u00e9 verdadeiro, realize o segundo bloco de instru\u00e7\u00f5es.",
    "CONTROLS_IF_TOOLTIP_4": "Se o primeiro valor \u00e9 verdadeiro, ent\u00e3o realize o primeiro bloco de instru\u00e7\u00f5es.  Sen\u00e3o, se o segundo valor \u00e9 verdadeiro, realize o segundo bloco de instru\u00e7\u00f5es.  Se nenhum dos blocos for verdadeiro, realize o \u00faltimo bloco de instru\u00e7\u00f5es.",
    "CONTROLS_IF_MSG_IF": "se",
    "CONTROLS_IF_MSG_ELSEIF": "sen\u00e3o se",
    "CONTROLS_IF_MSG_ELSE": "sen\u00e3o",
    "CONTROLS_IF_IF_TOOLTIP": "Acrescente, remova ou reordene se\u00e7\u00f5es para reconfigurar este bloco.",
    "CONTROLS_IF_ELSEIF_TOOLTIP": "Acrescente uma condi\u00e7\u00e3o para o bloco se.",
    "CONTROLS_IF_ELSE_TOOLTIP": "Acrescente uma condi\u00e7\u00e3o final para o bloco se.",
    "LOGIC_COMPARE_HELPURL": "https://pt.wikipedia.org/wiki/Inequa%C3%A7%C3%A3o",
    "LOGIC_COMPARE_TOOLTIP_EQ": "Retorna verdadeiro se ambas as entradas forem iguais.",
    "LOGIC_COMPARE_TOOLTIP_NEQ": "Retorna verdadeiro se ambas as entradas forem diferentes.",
    "LOGIC_COMPARE_TOOLTIP_LT": "Retorna verdadeiro se a primeira entrada for menor que a segunda entrada.",
    "LOGIC_COMPARE_TOOLTIP_LTE": "Retorna verdadeiro se a primeira entrada for menor ou igual \u00e0 segunda entrada.",
    "LOGIC_COMPARE_TOOLTIP_GT": "Retorna verdadeiro se a primeira entrada for maior que a segunda entrada.",
    "LOGIC_COMPARE_TOOLTIP_GTE": "Retorna verdadeiro se a primeira entrada for maior ou igual \u00e0 segunda entrada.",
    "LOGIC_OPERATION_TOOLTIP_AND": "Retorna verdadeiro se ambas as entradas forem verdadeiras.",
    "LOGIC_OPERATION_AND": "e",
    "LOGIC_OPERATION_TOOLTIP_OR": "Retorna verdadeiro se uma das estradas for verdadeira.",
    "LOGIC_OPERATION_OR": "ou",
    "LOGIC_NEGATE_TITLE": "n\u00e3o %1",
    "LOGIC_NEGATE_TOOLTIP": "Retorna verdadeiro se a entrada for falsa.  Retorna falsa se a entrada for verdadeira.",
    "LOGIC_BOOLEAN_TRUE": "verdadeiro",
    "LOGIC_BOOLEAN_FALSE": "falso",
    "LOGIC_BOOLEAN_TOOLTIP": "Retorna verdadeiro ou falso.",
    "LOGIC_NULL": "nulo",
    "LOGIC_NULL_TOOLTIP": "Retorna nulo.",
    "LOGIC_TERNARY_CONDITION": "teste",
    "LOGIC_TERNARY_IF_TRUE": "se verdadeiro",
    "LOGIC_TERNARY_IF_FALSE": "se falso",
    "LOGIC_TERNARY_TOOLTIP": "Avalia a condi\u00e7\u00e3o em \"teste\". Se a condi\u00e7\u00e3o for verdadeira retorna o valor \"se verdadeiro\", sen\u00e3o retorna o valor \"se falso\".",
    "MATH_NUMBER_HELPURL": "https://pt.wikipedia.org/wiki/N%C3%BAmero",
    "MATH_NUMBER_TOOLTIP": "Um n\u00famero.",
    "MATH_ARITHMETIC_HELPURL": "https://pt.wikipedia.org/wiki/Aritm%C3%A9tica",
    "MATH_ARITHMETIC_TOOLTIP_ADD": "Retorna a soma dos dois n\u00fameros.",
    "MATH_ARITHMETIC_TOOLTIP_MINUS": "Retorna a diferen\u00e7a entre os dois n\u00fameros.",
    "MATH_ARITHMETIC_TOOLTIP_MULTIPLY": "Retorna o produto dos dois n\u00fameros.",
    "MATH_ARITHMETIC_TOOLTIP_DIVIDE": "Retorna o quociente da divis\u00e3o dos dois n\u00fameros.",
    "MATH_ARITHMETIC_TOOLTIP_POWER": "Retorna o primeiro n\u00famero elevado \u00e0 pot\u00eancia do segundo n\u00famero.",
    "MATH_SINGLE_HELPURL": "https://pt.wikipedia.org/wiki/Raiz_quadrada",
    "MATH_SINGLE_OP_ROOT": "raiz quadrada",
    "MATH_SINGLE_TOOLTIP_ROOT": "Retorna a raiz quadrada de um n\u00famero.",
    "MATH_SINGLE_OP_ABSOLUTE": "absoluto",
    "MATH_SINGLE_TOOLTIP_ABS": "Retorna o valor absoluto de um n\u00famero.",
    "MATH_SINGLE_TOOLTIP_NEG": "Retorna o oposto de um n\u00famero.",
    "MATH_SINGLE_TOOLTIP_LN": "Retorna o logaritmo natural de um n\u00famero.",
    "MATH_SINGLE_TOOLTIP_LOG10": "Retorna o logaritmo em base 10 de um n\u00famero.",
    "MATH_SINGLE_TOOLTIP_EXP": "Retorna o n\u00famero e elevado \u00e0 pot\u00eancia de um n\u00famero.",
    "MATH_SINGLE_TOOLTIP_POW10": "Retorna 10 elevado \u00e0 pot\u00eancia de um n\u00famero.",
    "MATH_TRIG_HELPURL": "https://pt.wikipedia.org/wiki/Fun%C3%A7%C3%A3o_trigonom%C3%A9trica",
    "MATH_TRIG_TOOLTIP_SIN": "Retorna o seno de um grau (n\u00e3o radiano).",
    "MATH_TRIG_TOOLTIP_COS": "Retorna o cosseno de um grau (n\u00e3o radiano).",
    "MATH_TRIG_TOOLTIP_TAN": "Retorna a tangente de um grau (n\u00e3o radiano).",
    "MATH_TRIG_TOOLTIP_ASIN": "Retorna o arco seno de um n\u00famero.",
    "MATH_TRIG_TOOLTIP_ACOS": "Retorna o arco cosseno de um n\u00famero.",
    "MATH_TRIG_TOOLTIP_ATAN": "Retorna o arco tangente de um n\u00famero.",
    "MATH_CONSTANT_HELPURL": "https://pt.wikipedia.org/wiki/Anexo:Lista_de_constantes_matem%C3%A1ticas",
    "MATH_CONSTANT_TOOLTIP": "Retorna uma das constantes comuns: \u03c0 (3.141\u2026), e (2.718\u2026), \u03c6 (1.618\u2026), sqrt(2) (1.414\u2026), sqrt(\u00bd) (0.707\u2026), ou \u221e (infinito).",
    "MATH_IS_EVEN": "\u00e9 par",
    "MATH_IS_ODD": "\u00e9 \u00edmpar",
    "MATH_IS_PRIME": "\u00e9 primo",
    "MATH_IS_WHOLE": "\u00e9 inteiro",
    "MATH_IS_POSITIVE": "\u00e9 positivo",
    "MATH_IS_NEGATIVE": "\u00e9 negativo",
    "MATH_IS_DIVISIBLE_BY": "\u00e9 divis\u00edvel por",
    "MATH_IS_TOOLTIP": "Verifica se um n\u00famero \u00e9 par, \u00edmpar, inteiro, positivo, negativo, ou se \u00e9 divis\u00edvel por outro n\u00famero.  Retorna verdadeiro ou falso.",
    "MATH_CHANGE_HELPURL": "https://pt.wikipedia.org/wiki/Adi%C3%A7%C3%A3o",
    "MATH_CHANGE_TITLE_CHANGE": "alterar",
    "MATH_CHANGE_INPUT_BY": "por",
    "MATH_CHANGE_TOOLTIP": "Soma um n\u00famero \u00e0 vari\u00e1vel \"%1\".",
    "MATH_ROUND_HELPURL": "https://pt.wikipedia.org/wiki/Arredondamento",
    "MATH_ROUND_TOOLTIP": "Arredonda um n\u00famero para cima ou para baixo.",
    "MATH_ROUND_OPERATOR_ROUND": "arredonda",
    "MATH_ROUND_OPERATOR_ROUNDUP": "arredonda para cima",
    "MATH_ROUND_OPERATOR_ROUNDDOWN": "arredonda para baixo",
    "MATH_ONLIST_OPERATOR_SUM": "soma de uma lista",
    "MATH_ONLIST_TOOLTIP_SUM": "Retorna a soma de todos os n\u00fameros na lista.",
    "MATH_ONLIST_OPERATOR_MIN": "menor da lista",
    "MATH_ONLIST_TOOLTIP_MIN": "Retorna o menor n\u00famero da lista.",
    "MATH_ONLIST_OPERATOR_MAX": "maior da lista",
    "MATH_ONLIST_TOOLTIP_MAX": "Retorna o maior n\u00famero da lista.",
    "MATH_ONLIST_OPERATOR_AVERAGE": "m\u00e9dia da lista",
    "MATH_ONLIST_TOOLTIP_AVERAGE": "Retorna a m\u00e9dia aritm\u00e9tica dos n\u00fameros da lista.",
    "MATH_ONLIST_OPERATOR_MEDIAN": "mediana da lista",
    "MATH_ONLIST_TOOLTIP_MEDIAN": "Retorna a mediana dos n\u00fameros da lista.",
    "MATH_ONLIST_OPERATOR_MODE": "moda da lista",
    "MATH_ONLIST_TOOLTIP_MODE": "Retorna uma lista do(s) item(ns) mais comum(ns) da lista.",
    "MATH_ONLIST_OPERATOR_STD_DEV": "desvio padr\u00e3o da lista",
    "MATH_ONLIST_TOOLTIP_STD_DEV": "Retorna o desvio padr\u00e3o dos n\u00fameros da lista.",
    "MATH_ONLIST_OPERATOR_RANDOM": "item aleat\u00f3rio da lista",
    "MATH_ONLIST_TOOLTIP_RANDOM": "Retorna um elemento aleat\u00f3rio da lista.",
    "MATH_MODULO_HELPURL": "https://pt.wikipedia.org/wiki/Opera%C3%A7%C3%A3o_m%C3%B3dulo",
    "MATH_MODULO_TITLE": "resto da divis\u00e3o de %1 \u00f7 %2",
    "MATH_MODULO_TOOLTIP": "Retorna o resto da divis\u00e3o de dois n\u00fameros.",
    "MATH_CONSTRAIN_TITLE": "restringe %1 inferior %2 superior %3",
    "MATH_CONSTRAIN_TOOLTIP": "Restringe um n\u00famero entre os limites especificados (inclusivo).",
    "MATH_RANDOM_INT_HELPURL": "https://pt.wikipedia.org/wiki/Gerador_de_n%C3%BAmeros_pseudoaleat%C3%B3rios",
    "MATH_RANDOM_INT_TITLE": "inteiro aleat\u00f3rio entre %1 e %2",
    "MATH_RANDOM_INT_TOOLTIP": "Retorna um n\u00famero inteiro entre os dois limites informados, inclusivo.",
    "MATH_RANDOM_FLOAT_HELPURL": "https://pt.wikipedia.org/wiki/Gerador_de_n%C3%BAmeros_pseudoaleat%C3%B3rios",
    "MATH_RANDOM_FLOAT_TITLE_RANDOM": "fra\u00e7\u00e3o aleat\u00f3ria",
    "MATH_RANDOM_FLOAT_TOOLTIP": "Retorna uma fra\u00e7\u00e3o aleat\u00f3ria entre 0.0 (inclusivo) e 1.0 (exclusivo).",
    "TEXT_TEXT_HELPURL": "https://pt.wikipedia.org/wiki/Cadeia_de_caracteres",
    "TEXT_TEXT_TOOLTIP": "Uma letra, palavra ou linha de texto.",
    "TEXT_JOIN_TITLE_CREATEWITH": "criar texto com",
    "TEXT_JOIN_TOOLTIP": "Criar um peda\u00e7o de texto juntando qualquer n\u00famero de itens.",
    "TEXT_CREATE_JOIN_TITLE_JOIN": "unir",
    "TEXT_CREATE_JOIN_TOOLTIP": "Acrescenta, remove ou reordena se\u00e7\u00f5es para reconfigurar este bloco de texto.",
    "TEXT_CREATE_JOIN_ITEM_TOOLTIP": "Acrescentar um item ao texto.",
    "TEXT_APPEND_TO": "para",
    "TEXT_APPEND_APPENDTEXT": "acrescentar texto",
    "TEXT_APPEND_TOOLTIP": "Acrescentar um peda\u00e7o de texto \u00e0 vari\u00e1vel \"%1\".",
    "TEXT_LENGTH_TITLE": "tamanho de %1",
    "TEXT_LENGTH_TOOLTIP": "Retorna o n\u00famero de letras (incluindo espa\u00e7os) no texto fornecido.",
    "TEXT_ISEMPTY_TITLE": "%1 \u00e9 vazio",
    "TEXT_ISEMPTY_TOOLTIP": "Retorna verdadeiro se o texto fornecido for vazio.",
    "TEXT_INDEXOF_TOOLTIP": "Retorna a posi\u00e7\u00e3o da primeira/\u00faltima ocorr\u00eancia do primeiro texto no segundo texto.  Retorna 0 se o texto n\u00e3o for encontrado.",
    "TEXT_INDEXOF_INPUT_INTEXT": "no texto",
    "TEXT_INDEXOF_OPERATOR_FIRST": "primeira ocorr\u00eancia do texto",
    "TEXT_INDEXOF_OPERATOR_LAST": "\u00faltima ocorr\u00eancia do texto",
    "TEXT_CHARAT_INPUT_INTEXT": "no texto",
    "TEXT_CHARAT_FROM_START": "obter letra n\u00ba",
    "TEXT_CHARAT_FROM_END": "obter letra n\u00ba a partir do final",
    "TEXT_CHARAT_FIRST": "obter primeira letra",
    "TEXT_CHARAT_LAST": "obter \u00faltima letra",
    "TEXT_CHARAT_RANDOM": "obter letra aleat\u00f3ria",
    "TEXT_CHARAT_TOOLTIP": "Retorna a letra na posi\u00e7\u00e3o especificada.",
    "TEXT_GET_SUBSTRING_TOOLTIP": "Retorna o trecho de texto especificado.",
    "TEXT_GET_SUBSTRING_INPUT_IN_TEXT": "no texto",
    "TEXT_GET_SUBSTRING_START_FROM_START": "obter trecho de letra n\u00ba",
    "TEXT_GET_SUBSTRING_START_FROM_END": "obter trecho de letra n\u00ba a partir do final",
    "TEXT_GET_SUBSTRING_START_FIRST": "obter trecho de primeira letra",
    "TEXT_GET_SUBSTRING_END_FROM_START": "at\u00e9 letra n\u00ba",
    "TEXT_GET_SUBSTRING_END_FROM_END": "at\u00e9 letra n\u00ba a partir do final",
    "TEXT_GET_SUBSTRING_END_LAST": "at\u00e9 \u00faltima letra",
    "TEXT_CHANGECASE_TOOLTIP": "Retorna uma c\u00f3pia do texto em um formato diferente.",
    "TEXT_CHANGECASE_OPERATOR_UPPERCASE": "para MAI\u00daSCULAS",
    "TEXT_CHANGECASE_OPERATOR_LOWERCASE": "para min\u00fasculas",
    "TEXT_CHANGECASE_OPERATOR_TITLECASE": "para Nomes Pr\u00f3prios",
    "TEXT_TRIM_TOOLTIP": "Retorna uma c\u00f3pia do texto com os espa\u00e7os removidos de uma ou ambas extremidades.",
    "TEXT_TRIM_OPERATOR_BOTH": "remover espa\u00e7os de ambos os lados",
    "TEXT_TRIM_OPERATOR_LEFT": "remover espa\u00e7os \u00e0 esquerda",
    "TEXT_TRIM_OPERATOR_RIGHT": "remover espa\u00e7os \u00e0 direita",
    "TEXT_PRINT_TITLE": "imprime %1",
    "TEXT_PRINT_TOOLTIP": "Imprime o texto, n\u00famero ou valor especificado.",
    "TEXT_PROMPT_TYPE_TEXT": "Pede um texto com uma mensagem",
    "TEXT_PROMPT_TYPE_NUMBER": "Pede um n\u00famero com uma mensagem",
    "TEXT_PROMPT_TOOLTIP_NUMBER": "Pede ao usu\u00e1rio um n\u00famero.",
    "TEXT_PROMPT_TOOLTIP_TEXT": "Pede ao usu\u00e1rio um texto.",
    "LISTS_CREATE_EMPTY_TITLE": "criar lista vazia",
    "LISTS_CREATE_EMPTY_TOOLTIP": "Retorna uma lista, de tamanho 0, contendo nenhum registro",
    "LISTS_CREATE_WITH_TOOLTIP": "Cria uma lista com a quantidade de itens informada.",
    "LISTS_CREATE_WITH_INPUT_WITH": "criar lista com",
    "LISTS_CREATE_WITH_CONTAINER_TITLE_ADD": "lista",
    "LISTS_CREATE_WITH_CONTAINER_TOOLTIP": "Acrescenta, remove ou reordena se\u00e7\u00f5es para reconfigurar este bloco de lista.",
    "LISTS_CREATE_WITH_ITEM_TOOLTIP": "Acrescenta um item \u00e0 lista.",
    "LISTS_REPEAT_TOOLTIP": "Cria uma lista consistindo no valor informado repetido o n\u00famero de vezes especificado.",
    "LISTS_REPEAT_TITLE": "criar lista com item %1 repetido %2 vezes",
    "LISTS_LENGTH_TITLE": "tamanho de %1",
    "LISTS_LENGTH_TOOLTIP": "Retorna o tamanho de uma lista.",
    "LISTS_IS_EMPTY_TITLE": "%1 \u00e9 vazia",
    "LISTS_TOOLTIP": "Retona verdadeiro se a lista estiver vazia.",
    "LISTS_INLIST": "na lista",
    "LISTS_INDEX_OF_FIRST": "encontre a primeira ocorr\u00eancia do item",
    "LISTS_INDEX_OF_LAST": "encontre a \u00faltima ocorr\u00eancia do item",
    "LISTS_INDEX_OF_TOOLTIP": "Retorna a posi\u00e7\u00e3o da primeira/\u00faltima ocorr\u00eancia do item na lista.  Retorna 0 se o texto n\u00e3o for encontrado.",
    "LISTS_GET_INDEX_GET": "obter",
    "LISTS_GET_INDEX_GET_REMOVE": "obter e remover",
    "LISTS_GET_INDEX_REMOVE": "remover",
    "LISTS_GET_INDEX_FROM_START": "n\u00ba",
    "LISTS_GET_INDEX_FROM_END": "n\u00ba a partir do final",
    "LISTS_GET_INDEX_FIRST": "primeiro",
    "LISTS_GET_INDEX_LAST": "\u00faltimo",
    "LISTS_GET_INDEX_RANDOM": "aleat\u00f3rio",
    "LISTS_GET_INDEX_TOOLTIP_GET_FROM_START": "Retorna o item da lista na posi\u00e7\u00e3o especificada.  #1 \u00e9 o primeiro item.",
    "LISTS_GET_INDEX_TOOLTIP_GET_FROM_END": "Retorna o item da lista na posi\u00e7\u00e3o especificada.  #1 \u00e9 o \u00faltimo item.",
    "LISTS_GET_INDEX_TOOLTIP_GET_FIRST": "Retorna o primeiro item em uma lista.",
    "LISTS_GET_INDEX_TOOLTIP_GET_LAST": "Retorna o \u00faltimo item em uma lista.",
    "LISTS_GET_INDEX_TOOLTIP_GET_RANDOM": "Retorna um item aleat\u00f3rio de uma lista.",
    "LISTS_GET_INDEX_TOOLTIP_GET_REMOVE_FROM_START": "Remove e retorna o item na posi\u00e7\u00e3o especificada em uma lista.  #1 \u00e9 o primeiro item.",
    "LISTS_GET_INDEX_TOOLTIP_GET_REMOVE_FROM_END": "Remove e retorna o item na posi\u00e7\u00e3o especificada em uma lista.  #1 \u00e9 o \u00faltimo item.",
    "LISTS_GET_INDEX_TOOLTIP_GET_REMOVE_FIRST": "Remove e retorna o primeiro item de uma lista.",
    "LISTS_GET_INDEX_TOOLTIP_GET_REMOVE_LAST": "Remove e retorna o \u00faltimo item de uma lista.",
    "LISTS_GET_INDEX_TOOLTIP_GET_REMOVE_RANDOM": "Remove e retorna um item aleat\u00f3rio de uma lista.",
    "LISTS_GET_INDEX_TOOLTIP_REMOVE_FROM_START": "Remove o item na posi\u00e7\u00e3o especificada em uma lista.  #1 \u00e9 o primeiro item.",
    "LISTS_GET_INDEX_TOOLTIP_REMOVE_FROM_END": "Remove o item na posi\u00e7\u00e3o especificada em uma lista.  #1 \u00e9 o \u00faltimo item.",
    "LISTS_GET_INDEX_TOOLTIP_REMOVE_FIRST": "Remove o primeiro item de uma lista.",
    "LISTS_GET_INDEX_TOOLTIP_REMOVE_LAST": "Remove o \u00faltimo item de uma lista.",
    "LISTS_GET_INDEX_TOOLTIP_REMOVE_RANDOM": "Remove um item aleat\u00f3rio de uma lista.",
    "LISTS_SET_INDEX_SET": "definir",
    "LISTS_SET_INDEX_INSERT": "inserir em",
    "LISTS_SET_INDEX_INPUT_TO": "como",
    "LISTS_SET_INDEX_TOOLTIP_SET_FROM_START": "Define o item da posi\u00e7\u00e3o especificada de uma lista.  #1 \u00e9 o primeiro item.",
    "LISTS_SET_INDEX_TOOLTIP_SET_FROM_END": "Define o item da posi\u00e7\u00e3o especificada de uma lista.  #1 \u00e9 o \u00faltimo item.",
    "LISTS_SET_INDEX_TOOLTIP_SET_FIRST": "Define o primeiro item de uma lista.",
    "LISTS_SET_INDEX_TOOLTIP_SET_LAST": "Define o \u00faltimo item de uma lista.",
    "LISTS_SET_INDEX_TOOLTIP_SET_RANDOM": "Define um item aleat\u00f3rio de uma lista.",
    "LISTS_SET_INDEX_TOOLTIP_INSERT_FROM_START": "Insere o item na posi\u00e7\u00e3o especificada em uma lista.  #1 \u00e9 o primeiro item.",
    "LISTS_SET_INDEX_TOOLTIP_INSERT_FROM_END": "Insere o item na posi\u00e7\u00e3o especificada em uma lista.  #1 \u00e9 o \u00faltimo item.",
    "LISTS_SET_INDEX_TOOLTIP_INSERT_FIRST": "Insere o item no in\u00edcio de uma lista.",
    "LISTS_SET_INDEX_TOOLTIP_INSERT_LAST": "Insere o item no final de uma lista.",
    "LISTS_SET_INDEX_TOOLTIP_INSERT_RANDOM": "Insere o item em uma posi\u00e7\u00e3o qualquer de uma lista.",
    "LISTS_GET_SUBLIST_START_FROM_START": "obt\u00e9m sublista de n\u00ba",
    "LISTS_GET_SUBLIST_START_FROM_END": "obt\u00e9m sublista de n\u00ba a partir do final",
    "LISTS_GET_SUBLIST_START_FIRST": "obt\u00e9m sublista a partir do primeiro",
    "LISTS_GET_SUBLIST_END_FROM_START": "at\u00e9 n\u00ba",
    "LISTS_GET_SUBLIST_END_FROM_END": "at\u00e9 n\u00ba a partir do final",
    "LISTS_GET_SUBLIST_END_LAST": "at\u00e9 \u00faltimo",
    "LISTS_GET_SUBLIST_TOOLTIP": "Cria uma c\u00f3pia da por\u00e7\u00e3o especificada de uma lista.",
    "VARIABLES_GET_TOOLTIP": "Retorna o valor desta vari\u00e1vel.",
    "VARIABLES_GET_CREATE_SET": "Criar \"definir %1\"",
    "VARIABLES_SET_TITLE": "definir",
    "VARIABLES_SET_TAIL": "para",
    "VARIABLES_SET_TOOLTIP": "Define esta vari\u00e1vel para o valor da entrada.",
    "VARIABLES_SET_CREATE_GET": "Criar \"obter %1\"",
    "PROCEDURES_DEFNORETURN_TITLE": "para",
    "PROCEDURES_DEFNORETURN_PROCEDURE": "fa\u00e7a algo",
    "PROCEDURES_BEFORE_PARAMS": "com:",
    "PROCEDURES_DEFNORETURN_TOOLTIP": "Cria uma fun\u00e7\u00e3o que n\u00e3o tem retorno.",
    "PROCEDURES_DEFRETURN_RETURN": "retorna",
    "PROCEDURES_DEFRETURN_TOOLTIP": "Cria uma fun\u00e7\u00e3o que possui um valor de retorno.",
    "PROCEDURES_DEF_DUPLICATE_WARNING": "Aten\u00e7\u00e3o: Esta fun\u00e7\u00e3o tem par\u00e2metros duplicados.",
    "PROCEDURES_CALLNORETURN_HELPURL": "https://pt.wikipedia.org/wiki/Sub-rotina",
    "PROCEDURES_CALLNORETURN_TOOLTIP": "Executa a fun\u00e7\u00e3o definida pelo usu\u00e1rio \"%1\".",
    "PROCEDURES_CALLRETURN_HELPURL": "https://pt.wikipedia.org/wiki/Sub-rotina",
    "PROCEDURES_CALLRETURN_TOOLTIP": "Executa a fun\u00e7\u00e3o definida pelo usu\u00e1rio \"%1\" e usa seu retorno.",
    "PROCEDURES_MUTATORCONTAINER_TITLE": "entradas",
    "PROCEDURES_MUTATORARG_TITLE": "nome da entrada:",
    "PROCEDURES_HIGHLIGHT_DEF": "Destacar defini\u00e7\u00e3o da fun\u00e7\u00e3o",
    "PROCEDURES_CREATE_DO": "Criar \"%1\"",
    "PROCEDURES_IFRETURN_TOOLTIP": "Se um valor \u00e9 verdadeiro, ent\u00e3o retorna um valor.",
    "PROCEDURES_IFRETURN_WARNING": "Aten\u00e7\u00e3o: Este bloco s\u00f3 pode ser utilizado dentro da defini\u00e7\u00e3o de uma fun\u00e7\u00e3o."
}