{
    "@metadata": [],
    "VARIABLES_DEFAULT_NAME": "element",
    "DUPLICATE_BLOCK": "Duplicati",
    "ADD_COMMENT": "Adaug\u0103 un comentariu",
    "REMOVE_COMMENT": "Elimin\u0103 comentariu",
    "EXTERNAL_INPUTS": "Intr\u0103ri Externe",
    "INLINE_INPUTS": "Intrari de Linie",
    "DELETE_BLOCK": "\u0218terge Bloc",
    "DELETE_X_BLOCKS": "\u0218terge\u021bi %1 Blocuri",
    "COLLAPSE_BLOCK": "Restrange blocul",
    "COLLAPSE_ALL": "Restrange blocurile",
    "EXPAND_BLOCK": "Extinde bloc",
    "EXPAND_ALL": "Extinde blocuri",
    "DISABLE_BLOCK": "Dezactiva\u0163i bloc",
    "ENABLE_BLOCK": "Permite bloc",
    "HELP": "Ajutor",
    "CHANGE_VALUE_TITLE": "Schimba\u0163i valoarea:",
    "NEW_VARIABLE": "Variabil\u0103 nou\u0103...",
    "NEW_VARIABLE_TITLE": "Noul nume de variabil\u0103:",
    "RENAME_VARIABLE": "Redenumirea variabilei...",
    "RENAME_VARIABLE_TITLE": "Redenume\u015fte toate variabilele '%1' \u00een:",
    "COLOUR_PICKER_HELPURL": "https://ro.wikipedia.org/wiki/Culoare",
    "COLOUR_PICKER_TOOLTIP": "Alege o culoare din paleta de culori.",
    "COLOUR_RANDOM_TITLE": "culoare aleatorie",
    "COLOUR_RANDOM_TOOLTIP": "Alege o culoare la \u00eent\u00e2mplare.",
    "COLOUR_RGB_HELPURL": "http://www.december.com/html/spec/colorper.html",
    "COLOUR_RGB_TITLE": "coloreaz\u0103 cu",
    "COLOUR_RGB_RED": "ro\u015fu",
    "COLOUR_RGB_GREEN": "verde",
    "COLOUR_RGB_BLUE": "albastru",
    "COLOUR_RGB_TOOLTIP": "Creeaz\u0103 o culoare cu suma specificat\u0103 de ro\u015fu, verde \u015fi albastru.  Toate valorile trebuie s\u0103 fie \u00eentre 0 \u015fi 100.",
    "COLOUR_BLEND_HELPURL": "http://meyerweb.com/eric/tools/color-blend/",
    "COLOUR_BLEND_TITLE": "amestec",
    "COLOUR_BLEND_COLOUR1": "culoare 1",
    "COLOUR_BLEND_COLOUR2": "culoare 2",
    "COLOUR_BLEND_RATIO": "Raport",
    "COLOUR_BLEND_TOOLTIP": "Amestec\u0103 dou\u0103 culori cu un raport dat (0.0 - 1.0).",
    "CONTROLS_REPEAT_HELPURL": "https://en.wikipedia.org/wiki/For_loop",
    "CONTROLS_REPEAT_TITLE": "repet\u0103 de %1 ori",
    "CONTROLS_REPEAT_TITLE_REPEAT": "repet\u0103",
    "CONTROLS_REPEAT_TITLE_TIMES": "ori",
    "CONTROLS_REPEAT_INPUT_DO": "f\u0103",
    "CONTROLS_REPEAT_TOOLTIP": "Face unele afirma\u0163ii de mai multe ori.",
    "CONTROLS_WHILEUNTIL_HELPURL": "http://code.google.com/p/blockly/wiki/Repeat",
    "CONTROLS_WHILEUNTIL_OPERATOR_WHILE": "repet\u0103 \u00een timp ce",
    "CONTROLS_WHILEUNTIL_OPERATOR_UNTIL": "Repeta\u0163i p\u00e2n\u0103 c\u00e2nd",
    "CONTROLS_WHILEUNTIL_TOOLTIP_WHILE": "\u00cen timp ce o valoare este adev\u0103rat, atunci face unele declara\u0163ii.",
    "CONTROLS_WHILEUNTIL_TOOLTIP_UNTIL": "\u00cen timp ce o valoare este adev\u0103rat, atunci face unele declara\u0163ii.",
    "CONTROLS_FOR_HELPURL": "https://code.google.com/p/blockly/wiki/Loops#count_with",
    "CONTROLS_FOR_TOOLTIP": "Cu variablia %1 ia o valoare din num\u0103rul \u00eenceput la num\u0103rul final, numara in intervalul specificat, apoi face blocurile specificate.",
    "CONTROLS_FOR_INPUT_WITH": "num\u0103r\u0103 cu",
    "CONTROLS_FOR_INPUT_FROM_TO_BY": "de la %1 la %2 prin %3",
    "CONTROLS_FOREACH_HELPURL": "https://code.google.com/p/blockly/wiki/Loops#for_each for each block",
    "CONTROLS_FOREACH_INPUT_ITEM": "pentru fiecare element",
    "CONTROLS_FOREACH_INPUT_INLIST": "\u00een list\u0103",
    "CONTROLS_FOREACH_TOOLTIP": "Pentru fiecare element din list\u0103, seta\u0163i variabila '%1' ca valoarea elementului, \u015fi apoi face\u0163i unele declara\u0163ii.",
    "CONTROLS_FLOW_STATEMENTS_HELPURL": "https://code.google.com/p/blockly/wiki/Loops#Loop_Termination_Blocks",
    "CONTROLS_FLOW_STATEMENTS_OPERATOR_BREAK": "ie\u015fi din bucla",
    "CONTROLS_FLOW_STATEMENTS_OPERATOR_CONTINUE": "continu\u0103 cu urm\u0103toarea itera\u021bie a buclei",
    "CONTROLS_FLOW_STATEMENTS_TOOLTIP_BREAK": "Ie\u0219i din bucla care con\u0163ine.",
    "CONTROLS_FLOW_STATEMENTS_TOOLTIP_CONTINUE": "Sari peste restul aceastei bucle, \u015fi continu\u0103 cu urmatoarea iteratie.",
    "CONTROLS_FLOW_STATEMENTS_WARNING": "Avertisment: Acest bloc pote fi utilizat numai \u00een interiorul unei bucle.",
    "CONTROLS_IF_HELPURL": "http://code.google.com/p/blockly/wiki/If_Then",
    "CONTROLS_IF_TOOLTIP_1": "Dac\u0103 o valoare este adev\u0103rat\u0103, atunci fa unele declara\u0163ii.",
    "CONTROLS_IF_TOOLTIP_2": "Dac\u0103 o valoare este adev\u0103rat, atunci face primul bloc de declara\u0163ii.  Altfel, face al doilea bloc de declara\u0163ii.",
    "CONTROLS_IF_TOOLTIP_3": "Dac\u0103 prima valoare este adev\u0103rat, atunci face primul bloc de declara\u0163ii.  Altfel, dac\u0103 a doua valoare este adev\u0103rat, face al doilea bloc de declara\u0163ii.",
    "CONTROLS_IF_TOOLTIP_4": "Dac\u0103 prima valoare este adev\u0103rat, atunci face primul bloc de declara\u0163ii.  Altfel, dac\u0103 a doua valoare este adev\u0103rat, face al doilea bloc de declara\u0163ii.  \u00cen cazul \u00een care niciuna din  valorilor nu este adev\u0103rat, face ultimul bloc de declara\u0163ii.",
    "CONTROLS_IF_MSG_IF": "dac\u0103",
    "CONTROLS_IF_MSG_ELSEIF": "altfel dac\u0103",
    "CONTROLS_IF_MSG_ELSE": "altfel",
    "CONTROLS_IF_IF_TOOLTIP": "Adaug\u0103, elimin\u0103 sau reordoneaz\u0103 sec\u0163iuni pentru a reconfigura acest bloc if.",
    "CONTROLS_IF_ELSEIF_TOOLTIP": "Ad\u0103uga\u0163i o condi\u0163ie in blocul if.",
    "CONTROLS_IF_ELSE_TOOLTIP": "Adauga o stare finala, cuprinde toata conditia din blocul if.",
    "LOGIC_COMPARE_HELPURL": "https://en.wikipedia.org/wiki/Inequality_(mathematics)",
    "LOGIC_COMPARE_TOOLTIP_EQ": "Returneaz\u0103 adev\u0103rat dac\u0103 ambele intr\u0103ri sunt egale.",
    "LOGIC_COMPARE_TOOLTIP_NEQ": "Returneaz\u0103 adev\u0103rat daca cele dou\u0103 intr\u0103ri nu sunt egale.",
    "LOGIC_COMPARE_TOOLTIP_LT": "Returneaz\u0103 adev\u0103rat dac\u0103 prima intrare este mai mic\u0103 dec\u00e2t a doua intrare.",
    "LOGIC_COMPARE_TOOLTIP_LTE": "Returneaz\u0103 adev\u0103rat dac\u0103 prima intrare este mai mic\u0103 sau egal\u0103 cu a doua intrare.",
    "LOGIC_COMPARE_TOOLTIP_GT": "Returneaz\u0103 adev\u0103rat dac\u0103 prima intrare este mai mare dec\u00e2t a doua intrare.",
    "LOGIC_COMPARE_TOOLTIP_GTE": "Returneaz\u0103 adev\u0103rat dac\u0103 prima intrare este mai mare sau egal\u0103 cu a doua intrare.",
    "LOGIC_OPERATION_HELPURL": "http://code.google.com/p/blockly/wiki/And_Or",
    "LOGIC_OPERATION_TOOLTIP_AND": "Returneaz\u0103 adev\u0103rat daca ambele intr\u0103ri sunt adev\u0103rate.",
    "LOGIC_OPERATION_AND": "\u015fi",
    "LOGIC_OPERATION_TOOLTIP_OR": "Returneaz\u0103 adev\u0103rat dac\u0103 cel pu\u0163in una din intr\u0103ri este adev\u0103rat\u0103.",
    "LOGIC_OPERATION_OR": "sau",
    "LOGIC_NEGATE_HELPURL": "http://code.google.com/p/blockly/wiki/Not",
    "LOGIC_NEGATE_TITLE": "non %1",
    "LOGIC_NEGATE_TOOLTIP": "Returneaz\u0103 adev\u0103rat dac\u0103 intrarea este fals\u0103.  Returneaz\u0103 fals dac\u0103 intrarea este adev\u0103rat\u0103.",
    "LOGIC_BOOLEAN_HELPURL": "http://code.google.com/p/blockly/wiki/True_False",
    "LOGIC_BOOLEAN_TRUE": "adev\u0103rat",
    "LOGIC_BOOLEAN_FALSE": "fals",
    "LOGIC_BOOLEAN_TOOLTIP": "Returneaz\u0103 adev\u0103rat sau fals.",
    "LOGIC_NULL_HELPURL": "https://en.wikipedia.org/wiki/Nullable_type",
    "LOGIC_NULL": "nul",
    "LOGIC_NULL_TOOLTIP": "returneaz\u0103 nul.",
    "LOGIC_TERNARY_HELPURL": "https://en.wikipedia.org/wiki/%3F:",
    "LOGIC_TERNARY_CONDITION": "test",
    "LOGIC_TERNARY_IF_TRUE": "dac\u0103 este adev\u0103rat",
    "LOGIC_TERNARY_IF_FALSE": "dac\u0103 este fals",
    "LOGIC_TERNARY_TOOLTIP": "Verific\u0103 condi\u0163ia din \"test\". Dac\u0103 condi\u0163ia este adev\u0103rat\u0103, returneaz\u0103 valoarea \"\u00een cazul \u00een care adev\u0103rat\"; \u00een caz contrar \u00eentoarce valoarea \"\u00een cazul \u00een care e fals\".",
    "MATH_NUMBER_HELPURL": "https://en.wikipedia.org/wiki/Number",
    "MATH_NUMBER_TOOLTIP": "Un num\u0103r.",
    "MATH_ADDITION_SYMBOL": "+",
    "MATH_SUBTRACTION_SYMBOL": "-",
    "MATH_DIVISION_SYMBOL": "\u00f7",
    "MATH_MULTIPLICATION_SYMBOL": "\u00d7",
    "MATH_POWER_SYMBOL": "^",
    "MATH_TRIG_SIN": "sin",
    "MATH_TRIG_COS": "cos",
    "MATH_TRIG_TAN": "tg",
    "MATH_TRIG_ASIN": "arcsin",
    "MATH_TRIG_ACOS": "arccos",
    "MATH_TRIG_ATAN": "arctg",
    "MATH_ARITHMETIC_HELPURL": "https://ro.wikipedia.org/wiki/Aritmetic%C4%83",
    "MATH_ARITHMETIC_TOOLTIP_ADD": "Returneaz\u0103 suma a dou\u0103 numere.",
    "MATH_ARITHMETIC_TOOLTIP_MINUS": "Returneaza diferen\u0163a dintre cele dou\u0103 numere.",
    "MATH_ARITHMETIC_TOOLTIP_MULTIPLY": "Returneaz\u0103 produsul celor dou\u0103 numere.",
    "MATH_ARITHMETIC_TOOLTIP_DIVIDE": "Returneaz\u0103 c\u00e2tul celor dou\u0103 numere.",
    "MATH_ARITHMETIC_TOOLTIP_POWER": "Returneaza num\u0103rul rezultat prin ridicarea primului num\u0103r la puterea celui de-al doilea.",
    "MATH_SINGLE_HELPURL": "https://en.wikipedia.org/wiki/Square_root",
    "MATH_SINGLE_OP_ROOT": "r\u0103d\u0103cina p\u0103trat\u0103",
    "MATH_SINGLE_TOOLTIP_ROOT": "Returneaz\u0103 r\u0103d\u0103cina p\u0103trat\u0103 a unui num\u0103r.",
    "MATH_SINGLE_OP_ABSOLUTE": "absolut\u0103",
    "MATH_SINGLE_TOOLTIP_ABS": "Returneaz\u0103 valoarea absolut\u0103 a unui num\u0103r.",
    "MATH_SINGLE_TOOLTIP_NEG": "Returneaz\u0103 nega\u0163ia unui num\u0103r.",
    "MATH_SINGLE_TOOLTIP_LN": "\u00centoarce logaritmul natural al unui num\u0103r.",
    "MATH_SINGLE_TOOLTIP_LOG10": "Returneaz\u0103 logaritmul \u00een baza 10 a unui num\u0103r.",
    "MATH_SINGLE_TOOLTIP_EXP": "Returneaz\u0103 e la puterea unui num\u0103r.",
    "MATH_SINGLE_TOOLTIP_POW10": "Returneaz\u0103 10 la puterea unui num\u0103r.",
    "MATH_TRIG_HELPURL": "https://en.wikipedia.org/wiki/Trigonometric_functions",
    "MATH_TRIG_TOOLTIP_SIN": "\u00centoarce cosinusul unui grad (nu radianul).",
    "MATH_TRIG_TOOLTIP_COS": "\u00centoarce cosinusul unui grad (nu radianul).",
    "MATH_TRIG_TOOLTIP_TAN": "\u00centoarce tangenta unui grad (nu radianul).",
    "MATH_TRIG_TOOLTIP_ASIN": "Returneaz\u0103 arcsinusul unui num\u0103r.",
    "MATH_TRIG_TOOLTIP_ACOS": "Returneaz\u0103 arccosinusul unui num\u0103r.",
    "MATH_TRIG_TOOLTIP_ATAN": "Returneaz\u0103 arctangenta unui num\u0103r.",
    "MATH_CONSTANT_HELPURL": "https://ro.wikipedia.org/wiki/Constant%C4%83_matematic%C4%83",
    "MATH_CONSTANT_TOOLTIP": "\u00centoarc\u0103 una din constantele comune: \u03c0 (3.141...), e (2.718...), \u03c6 (1,618...), sqrt(2) (1.414...), sqrt(\u00bd) (0.707...) sau \u221e (infinitate).",
    "MATH_IS_EVEN": "este par",
    "MATH_IS_ODD": "este impar",
    "MATH_IS_PRIME": "este prim",
    "MATH_IS_WHOLE": "este \u00eentreg",
    "MATH_IS_POSITIVE": "este pozitiv",
    "MATH_IS_NEGATIVE": "este negativ",
    "MATH_IS_DIVISIBLE_BY": "este divizibil cu",
    "MATH_IS_TOOLTIP": "Verific\u0103 dac\u0103 un num\u0103r este un par, impar, prim, \u00eentreg, pozitiv, negativ, sau dac\u0103 este divizibil cu un anumit num\u0103r.  Returneaz\u0103 true sau false.",
    "MATH_CHANGE_HELPURL": "https://en.wikipedia.org/wiki/Programming_idiom#Incrementing_a_counter",
    "MATH_CHANGE_TITLE_CHANGE": "schimb\u0103",
    "MATH_CHANGE_INPUT_BY": "de",
    "MATH_CHANGE_TOOLTIP": "Adaug\u0103 un num\u0103r variabilei '%1'.",
    "MATH_ROUND_HELPURL": "https://en.wikipedia.org/wiki/Rounding",
    "MATH_ROUND_TOOLTIP": "Rotunjirea unui num\u0103r \u00een sus sau \u00een jos.",
    "MATH_ROUND_OPERATOR_ROUND": "rotund",
    "MATH_ROUND_OPERATOR_ROUNDUP": "rotunje\u0219te \u00een sus",
    "MATH_ROUND_OPERATOR_ROUNDDOWN": "rotunjit",
    "MATH_ONLIST_OPERATOR_SUM": "suma listei",
    "MATH_ONLIST_TOOLTIP_SUM": "Returneaz\u0103 suma tuturor numerelor din lista.",
    "MATH_ONLIST_OPERATOR_MIN": "minimul listei",
    "MATH_ONLIST_TOOLTIP_MIN": "Returneaz\u0103 cel mai mic num\u0103r din list\u0103.",
    "MATH_ONLIST_OPERATOR_MAX": "maximul listei",
    "MATH_ONLIST_TOOLTIP_MAX": "\u00centoarce cel mai mare num\u0103r din list\u0103.",
    "MATH_ONLIST_OPERATOR_AVERAGE": "media listei",
    "MATH_ONLIST_TOOLTIP_AVERAGE": "\u00centoarce media (aritmetic\u0103) a valorilor numerice \u00een list\u0103.",
    "MATH_ONLIST_OPERATOR_MEDIAN": "media listei",
    "MATH_ONLIST_TOOLTIP_MEDIAN": "\u00centoarce num\u0103rul median \u00een list\u0103.",
    "MATH_ONLIST_OPERATOR_MODE": "moduri de list\u0103",
    "MATH_ONLIST_TOOLTIP_MODE": "Returneaz\u0103 o list\u0103 cu cel(e) mai frecvent(e) element(e) din list\u0103.",
    "MATH_ONLIST_OPERATOR_STD_DEV": "devia\u021bia standard a listei",
    "MATH_ONLIST_TOOLTIP_STD_DEV": "\u00centoarce devia\u021bia standard a listei.",
    "MATH_ONLIST_OPERATOR_RANDOM": "element aleatoriu din lista",
    "MATH_ONLIST_TOOLTIP_RANDOM": "Returneaz\u0103 un element aleatoriu din list\u0103.",
    "MATH_MODULO_HELPURL": "https://en.wikipedia.org/wiki/Modulo_operation",
    "MATH_MODULO_TITLE": "restul la %1 \u00f7 %2",
    "MATH_MODULO_TOOLTIP": "\u00centoarce restul din \u00eemp\u0103r\u0163irea celor dou\u0103 numere.",
    "MATH_CONSTRAIN_HELPURL": "https://en.wikipedia.org/wiki/Clamping_%28graphics%29",
    "MATH_CONSTRAIN_TITLE": "constr\u00e2nge %1 redus %2 ridicat %3",
    "MATH_CONSTRAIN_TOOLTIP": "Constr\u00e2nge un num\u0103r s\u0103 fie \u00eentre limitele specificate (inclusiv).",
    "MATH_RANDOM_INT_HELPURL": "https://en.wikipedia.org/wiki/Random_number_generation",
    "MATH_RANDOM_INT_TITLE": "un num\u0103r \u00eentreg aleator de la %1 la %2",
    "MATH_RANDOM_INT_TOOLTIP": "Returneaz\u0103 un num\u0103r \u00eentreg aleator aflat \u00eentre cele dou\u0103 limite specificate, inclusiv.",
    "MATH_RANDOM_FLOAT_HELPURL": "https://en.wikipedia.org/wiki/Random_number_generation",
    "MATH_RANDOM_FLOAT_TITLE_RANDOM": "frac\u021bii aleatorii",
    "MATH_RANDOM_FLOAT_TOOLTIP": "Returneaz\u0103 o frac\u0163ie aleatoare \u00eentre 0.0 (inclusiv) si 1.0 (exclusiv).",
    "TEXT_TEXT_HELPURL": "https://en.wikipedia.org/wiki/String_(computer_science)",
    "TEXT_TEXT_TOOLTIP": "O liter\u0103, cuv\u00e2nt sau linie de text.",
    "TEXT_JOIN_HELPURL": "https://code.google.com/p/blockly/wiki/Text#Text_creation",
    "TEXT_JOIN_TITLE_CREATEWITH": "creaz\u0103 text cu",
    "TEXT_JOIN_TOOLTIP": "Crea\u0163i o bucat\u0103 de text prin unirea oric\u0103rui num\u0103r de elemente.",
    "TEXT_CREATE_JOIN_TITLE_JOIN": "al\u0103tura\u0163i-v\u0103",
    "TEXT_CREATE_JOIN_TOOLTIP": "Adaug\u0103, elimin\u0103 sau reordoneaz\u0103 sec\u021biuni ca s\u0103 reconfigureze blocul text.",
    "TEXT_CREATE_JOIN_ITEM_TOOLTIP": "Adaug\u0103 un element \u00een text.",
    "TEXT_APPEND_HELPURL": "https://code.google.com/p/blockly/wiki/Text#Text_modification",
    "TEXT_APPEND_TO": "la",
    "TEXT_APPEND_APPENDTEXT": "Ad\u0103uga\u0163i text",
    "TEXT_APPEND_TOOLTIP": "Ad\u0103uga\u0163i text la variabila '%1'.",
    "TEXT_LENGTH_HELPURL": "https://code.google.com/p/blockly/wiki/Text#Text_modification",
    "TEXT_LENGTH_TITLE": "lungime de %1",
    "TEXT_LENGTH_TOOLTIP": "Returneaz\u0103 num\u0103rul de litere (inclusiv spa\u0163iile) \u00een textul furnizat.",
    "TEXT_ISEMPTY_HELPURL": "https://code.google.com/p/blockly/wiki/Text#Checking_for_empty_text",
    "TEXT_ISEMPTY_TITLE": "%1 este gol",
    "TEXT_ISEMPTY_TOOLTIP": "Returneaz\u0103 adev\u0103rat dac\u0103 textul furnizat este gol.",
    "TEXT_INDEXOF_HELPURL": "https://code.google.com/p/blockly/wiki/Text#Finding_text",
    "TEXT_INDEXOF_TOOLTIP": "Returneaz\u0103 indicele primei/ultimei apari\u0163ii din primul text \u00een al doilea text.  Returneaz\u0103 0 dac\u0103 textul nu este g\u0103sit.",
    "TEXT_INDEXOF_INPUT_INTEXT": "\u00een text",
    "TEXT_INDEXOF_OPERATOR_FIRST": "g\u0103se\u015fte prima apari\u0163ie a textului",
    "TEXT_INDEXOF_OPERATOR_LAST": "g\u0103se\u015fte ultima apari\u0163ie a textului",
    "TEXT_CHARAT_HELPURL": "https://code.google.com/p/blockly/wiki/Text#Extracting_text",
    "TEXT_CHARAT_INPUT_INTEXT": "\u00een text",
    "TEXT_CHARAT_FROM_START": "obtine litera #",
    "TEXT_CHARAT_FROM_END": "ob\u0163ine litera # de la sf\u00e2r\u0219it",
    "TEXT_CHARAT_FIRST": "ob\u0163ine prima litera",
    "TEXT_CHARAT_LAST": "ob\u0163ine o litera oarecare",
    "TEXT_CHARAT_RANDOM": "obtine o litera oarecare",
    "TEXT_CHARAT_TOOLTIP": "Returneaz\u0103 litera la pozi\u021bia specificat\u0103.",
    "TEXT_GET_SUBSTRING_TOOLTIP": "Returneaz\u0103 o anumit\u0103 parte din text.",
    "TEXT_GET_SUBSTRING_HELPURL": "http://code.google.com/p/blockly/wiki/Text#Extracting_a_region_of_text",
    "TEXT_GET_SUBSTRING_INPUT_IN_TEXT": "\u00een text",
    "TEXT_GET_SUBSTRING_START_FROM_START": "ob\u021bine sub\u0219ir de la litera #",
    "TEXT_GET_SUBSTRING_START_FROM_END": "ob\u021bine un sub\u0219ir de la litera # de la sf\u00e2r\u0219it",
    "TEXT_GET_SUBSTRING_START_FIRST": "ob\u0163ine un sub\u0219ir de la prima liter\u0103",
    "TEXT_GET_SUBSTRING_END_FROM_START": "la litera #",
    "TEXT_GET_SUBSTRING_END_FROM_END": "la litera # de la sfarsit",
    "TEXT_GET_SUBSTRING_END_LAST": "la ultima liter\u0103",
    "TEXT_CHANGECASE_HELPURL": "https://code.google.com/p/blockly/wiki/Text#Adjusting_text_case",
    "TEXT_CHANGECASE_TOOLTIP": "\u00centoarce o copie a textului \u00eentr-un caz diferit.",
    "TEXT_CHANGECASE_OPERATOR_UPPERCASE": "la MAJUSCULE",
    "TEXT_CHANGECASE_OPERATOR_LOWERCASE": "la litere mici",
    "TEXT_CHANGECASE_OPERATOR_TITLECASE": "c\u0103tre Titlul de caz",
    "TEXT_TRIM_HELPURL": "https://code.google.com/p/blockly/wiki/Text#Trimming_%28removing%29_spaces",
    "TEXT_TRIM_TOOLTIP": "Returneaz\u0103 o copie a textului f\u0103r\u0103 spa\u021biile de la unul sau ambele capete.",
    "TEXT_TRIM_OPERATOR_BOTH": "taie spa\u021biile de pe ambele p\u0103r\u021bi",
    "TEXT_TRIM_OPERATOR_LEFT": "t\u0103ia\u0163i spa\u021biile din partea st\u00e2ng\u0103",
    "TEXT_TRIM_OPERATOR_RIGHT": "taie spa\u021biile din partea dreapt\u0103",
    "TEXT_PRINT_HELPURL": "https://code.google.com/p/blockly/wiki/Text#Printing_text",
    "TEXT_PRINT_TITLE": "imprimare %1",
    "TEXT_PRINT_TOOLTIP": "Afi\u0219eaz\u0103 textul specificat, num\u0103rul sau alt\u0103 valoare.",
    "TEXT_PROMPT_HELPURL": "https://code.google.com/p/blockly/wiki/Text#Getting_input_from_the_user",
    "TEXT_PROMPT_TYPE_TEXT": "solicit\u0103 pentru text cu mesaj",
    "TEXT_PROMPT_TYPE_NUMBER": "solicit\u0103 pentru num\u0103r cu mesaj",
    "TEXT_PROMPT_TOOLTIP_NUMBER": "Solicit\u0103 utilizatorul pentru un num\u0103r.",
    "TEXT_PROMPT_TOOLTIP_TEXT": "Solicit\u0103 utilizatorul pentru text.",
    "LISTS_CREATE_EMPTY_HELPURL": "https://en.wikipedia.org/wiki/Linked_list#Empty_lists",
    "LISTS_CREATE_EMPTY_TITLE": "creeaz\u0103 list\u0103 goal\u0103",
    "LISTS_CREATE_EMPTY_TOOLTIP": "Returneaz\u0103 o list\u0103, de lungime 0, care nu con\u0163ine \u00eenregistr\u0103ri de date",
    "LISTS_CREATE_WITH_TOOLTIP": "Crea\u0163i o list\u0103 cu orice num\u0103r de elemente.",
    "LISTS_CREATE_WITH_INPUT_WITH": "creeaz\u0103 list\u0103 cu",
    "LISTS_CREATE_WITH_CONTAINER_TITLE_ADD": "list\u0103",
    "LISTS_CREATE_WITH_CONTAINER_TOOLTIP": "Adaug\u0103, elimin\u0103 sau reordoneaz\u0103 sec\u0163iuni ca s\u0103 reconfigura\u0163i aceste blocuri de list\u0103.",
    "LISTS_CREATE_WITH_ITEM_TOOLTIP": "Ad\u0103uga\u0163i un element la list\u0103.",
    "LISTS_REPEAT_HELPURL": "https://code.google.com/p/blockly/wiki/Lists#create_list_with",
    "LISTS_REPEAT_TOOLTIP": "Creeaz\u0103 o list\u0103 alc\u0103tuit\u0103 dintr-o anumit\u0103 valoare repetat\u0103 de num\u0103rul specificat de ori.",
    "LISTS_REPEAT_TITLE": "creaza lista cu %1 elemente repetate de %2 ori",
    "LISTS_LENGTH_HELPURL": "https://code.google.com/p/blockly/wiki/Lists#length_of",
    "LISTS_LENGTH_TITLE": "lungime de %1",
    "LISTS_LENGTH_TOOLTIP": "Returneaz\u0103 lungimea unei liste.",
    "LISTS_IS_EMPTY_HELPURL": "https://code.google.com/p/blockly/wiki/Lists#is_empty",
    "LISTS_IS_EMPTY_TITLE": "%1 este gol",
    "LISTS_TOOLTIP": "Returneaz\u0103 adev\u0103rat dac\u0103 lista este goal\u0103.",
    "LISTS_INLIST": "\u00een list\u0103",
    "LISTS_INDEX_OF_HELPURL": "https://code.google.com/p/blockly/wiki/Lists#Getting_Items_from_a_List",
    "LISTS_INDEX_OF_FIRST": "G\u0103se\u015fte prima apari\u0163ie a elementului",
    "LISTS_INDEX_OF_LAST": "g\u0103se\u015fte ultima apari\u0163ie a elementului",
    "LISTS_INDEX_OF_TOOLTIP": "Returneaza indexul de la prima/ultima aparitie a elementuli din lista. Returneaza 0 daca textul nu este gasit.",
    "LISTS_GET_INDEX_GET": "ob\u0163ine",
    "LISTS_GET_INDEX_GET_REMOVE": "ob\u0163ine \u015fi elimin\u0103",
    "LISTS_GET_INDEX_REMOVE": "elimin\u0103",
    "LISTS_GET_INDEX_FROM_START": "#",
    "LISTS_GET_INDEX_FROM_END": "# de la sf\u00e2r\u0219it",
    "LISTS_GET_INDEX_FIRST": "primul",
    "LISTS_GET_INDEX_LAST": "ultimul",
    "LISTS_GET_INDEX_RANDOM": "aleator",
    "LISTS_GET_INDEX_TOOLTIP_GET_FROM_START": "Returneaza elementul la pozi\u0163ia specificat\u0103 \u00eentr-o list\u0103.  #1 este primul element.",
    "LISTS_GET_INDEX_TOOLTIP_GET_FROM_END": "Returneaza elementul la pozi\u0163ia specificat\u0103 \u00eentr-o list\u0103.  #1 este ultimul element.",
    "LISTS_GET_INDEX_TOOLTIP_GET_FIRST": "Returneaz\u0103 primul element dintr-o list\u0103.",
    "LISTS_GET_INDEX_TOOLTIP_GET_LAST": "Returneaz\u0103 ultimul element \u00eentr-o list\u0103.",
    "LISTS_GET_INDEX_TOOLTIP_GET_RANDOM": "Returneaza un element aleatoriu \u00eentr-o list\u0103.",
    "LISTS_GET_INDEX_TOOLTIP_GET_REMOVE_FROM_START": "Elimin\u0103 \u015fi returneaza elementul la pozi\u0163ia specificat\u0103 \u00eentr-o list\u0103.  #1 este primul element.",
    "LISTS_GET_INDEX_TOOLTIP_GET_REMOVE_FROM_END": "Elimin\u0103 \u015fi returneaza elementul la pozi\u0163ia specificat\u0103 \u00eentr-o list\u0103.  #1 este ultimul element.",
    "LISTS_GET_INDEX_TOOLTIP_GET_REMOVE_FIRST": "Elimin\u0103 \u015fi returneaz\u0103 primul element \u00eentr-o list\u0103.",
    "LISTS_GET_INDEX_TOOLTIP_GET_REMOVE_LAST": "Elimin\u0103 \u015fi returneaz\u0103 ultimul element \u00eentr-o list\u0103.",
    "LISTS_GET_INDEX_TOOLTIP_GET_REMOVE_RANDOM": "Elimin\u0103 \u015fi returneaz\u0103 un element aleatoriu \u00eentr-o list\u0103.",
    "LISTS_GET_INDEX_TOOLTIP_REMOVE_FROM_START": "Elimin\u0103 elementul la pozi\u0163ia specificat\u0103 \u00eentr-o list\u0103.  #1 este primul element.",
    "LISTS_GET_INDEX_TOOLTIP_REMOVE_FROM_END": "Elimin\u0103 elementul la pozi\u0163ia specificat\u0103 \u00eentr-o list\u0103.  #1 este ultimul element.",
    "LISTS_GET_INDEX_TOOLTIP_REMOVE_FIRST": "Elimin\u0103 primul element \u00eentr-o list\u0103.",
    "LISTS_GET_INDEX_TOOLTIP_REMOVE_LAST": "Elimin\u0103 ultimul element \u00eentr-o list\u0103.",
    "LISTS_GET_INDEX_TOOLTIP_REMOVE_RANDOM": "Elimin\u0103 un element aleatoriu \u00eentr-o list\u0103.",
    "LISTS_SET_INDEX_HELPURL": "https://code.google.com/p/blockly/wiki/Lists#in_list_..._set",
    "LISTS_SET_INDEX_SET": "seteaza",
    "LISTS_SET_INDEX_INSERT": "introduce\u0163i la",
    "LISTS_SET_INDEX_INPUT_TO": "ca",
    "LISTS_SET_INDEX_TOOLTIP_SET_FROM_START": "Seteaz\u0103 elementul la pozi\u0163ia specificat\u0103 \u00eentr-o list\u0103.  #1 este primul element.",
    "LISTS_SET_INDEX_TOOLTIP_SET_FROM_END": "Seteaz\u0103 elementul la pozi\u0163ia specificat\u0103 \u00eentr-o list\u0103.  #1 este ultimul element.",
    "LISTS_SET_INDEX_TOOLTIP_SET_FIRST": "Seteaz\u0103 primul element \u00eentr-o list\u0103.",
    "LISTS_SET_INDEX_TOOLTIP_SET_LAST": "Seteaz\u0103 ultimul element \u00eentr-o list\u0103.",
    "LISTS_SET_INDEX_TOOLTIP_SET_RANDOM": "Seteaz\u0103 un element aleator \u00eentr-o list\u0103.",
    "LISTS_SET_INDEX_TOOLTIP_INSERT_FROM_START": "Insereaz\u0103 elementul la pozi\u0163ia specificat\u0103 \u00eentr-o list\u0103.  #1 este primul element.",
    "LISTS_SET_INDEX_TOOLTIP_INSERT_FROM_END": "Insereaz\u0103 elementul la pozi\u0163ia specificat\u0103 \u00eentr-o list\u0103.  #1 este ultimul element.",
    "LISTS_SET_INDEX_TOOLTIP_INSERT_FIRST": "Insereaz\u0103 elementul la \u00eenceputul unei liste.",
    "LISTS_SET_INDEX_TOOLTIP_INSERT_LAST": "Ad\u0103ug\u0103 elementul la sf\u00e2r\u015fitul unei liste.",
    "LISTS_SET_INDEX_TOOLTIP_INSERT_RANDOM": "Insereaz\u0103 elementul aleatoriu \u00eentr-o list\u0103.",
    "LISTS_GET_SUBLIST_HELPURL": "https://code.google.com/p/blockly/wiki/Lists#Getting_a_sublist",
    "LISTS_GET_SUBLIST_START_FROM_START": "ob\u0163ine sub-lista de la #",
    "LISTS_GET_SUBLIST_START_FROM_END": "ob\u0163ine sub-lista de la # de la sf\u00e2r\u015fitul",
    "LISTS_GET_SUBLIST_START_FIRST": "ob\u0163ine sub-lista de la primul",
    "LISTS_GET_SUBLIST_END_FROM_START": "la #",
    "LISTS_GET_SUBLIST_END_FROM_END": "la # de la sfarsit",
    "LISTS_GET_SUBLIST_END_LAST": "la ultima",
    "LISTS_GET_SUBLIST_TOOLTIP": "Creeaz\u0103 o copie a por\u0163iunii specificate dintr-o list\u0103.",
    "VARIABLES_GET_HELPURL": "http://code.google.com/p/blockly/wiki/Variables#Get",
    "VARIABLES_GET_TOOLTIP": "Returneaz\u0103 valoarea acestei variabile.",
    "VARIABLES_GET_CREATE_SET": "Creaz\u0103 'set %1'",
    "VARIABLES_SET_HELPURL": "http://code.google.com/p/blockly/wiki/Variables#Set",
    "VARIABLES_SET_TITLE": "seteaza",
    "VARIABLES_SET_TAIL": "la",
    "VARIABLES_SET_TOOLTIP": "Seteaz\u0103 aceast\u0103 variabil\u0103 sa fie egal\u0103 la intrare.",
    "VARIABLES_SET_CREATE_GET": "Creaz\u0103 'get %1'",
    "PROCEDURES_DEFNORETURN_HELPURL": "https://en.wikipedia.org/wiki/Procedure_%28computer_science%29",
    "PROCEDURES_DEFNORETURN_TITLE": "la",
    "PROCEDURES_DEFNORETURN_PROCEDURE": "f\u0103 ceva",
    "PROCEDURES_BEFORE_PARAMS": "cu:",
    "PROCEDURES_DEFNORETURN_TOOLTIP": "Creaz\u0103 o func\u0163ie cu nici o ie\u015fire.",
    "PROCEDURES_DEFRETURN_HELPURL": "https://en.wikipedia.org/wiki/Procedure_%28computer_science%29",
    "PROCEDURES_DEFRETURN_RETURN": "returneaz\u0103",
    "PROCEDURES_DEFRETURN_TOOLTIP": "Creeaz\u0103 o func\u0163ie cu o ie\u015fire.",
    "PROCEDURES_DEF_DUPLICATE_WARNING": "Aten\u0163ie: Aceast\u0103 func\u0163ie are parametri duplica\u0163i.",
    "PROCEDURES_CALLNORETURN_HELPURL": "https://en.wikipedia.org/wiki/Procedure_%28computer_science%29",
    "PROCEDURES_CALLNORETURN_TOOLTIP": "Executa\u021bi func\u021bia '%1 'definit\u0103 de utilizator.",
    "PROCEDURES_CALLRETURN_HELPURL": "https://en.wikipedia.org/wiki/Procedure_%28computer_science%29",
    "PROCEDURES_CALLRETURN_TOOLTIP": "Executa\u021bi func\u021bia '%1 'definit\u0103 de utilizator \u015fi folosi\u0163i produc\u0163ia sa.",
    "PROCEDURES_MUTATORCONTAINER_TITLE": "intr\u0103ri",
    "PROCEDURES_MUTATORARG_TITLE": "nume de intrare:",
    "PROCEDURES_HIGHLIGHT_DEF": "Eviden\u0163iaz\u0103 defini\u0163ia func\u0163iei",
    "PROCEDURES_CREATE_DO": "Crea\u0163i '%1'",
    "PROCEDURES_IFRETURN_TOOLTIP": "Dac\u0103 o valoare este adev\u0103rat\u0103, atunci returneaz\u0103 valoarea a doua.",
    "PROCEDURES_IFRETURN_WARNING": "Avertisment: Acest bloc poate fi utilizat numai \u00een defini\u0163ia unei func\u0163ii."
}