{
    "@metadata": {
        "authors": [
            "Liuxinyu970226",
            "Qiyue2001",
            "Xiaomingyan"
        ]
    },
    "VARIABLES_DEFAULT_NAME": "\u9879",
    "DUPLICATE_BLOCK": "\u590d\u5236",
    "ADD_COMMENT": "\u6dfb\u52a0\u6ce8\u91ca",
    "REMOVE_COMMENT": "\u5220\u9664\u6ce8\u91ca",
    "EXTERNAL_INPUTS": "\u5916\u90e8\u8f93\u5165",
    "INLINE_INPUTS": "\u5355\u884c\u8f93\u5165",
    "DELETE_BLOCK": "\u5220\u9664\u5757",
    "DELETE_X_BLOCKS": "\u5220\u9664 %1 \u5757",
    "COLLAPSE_BLOCK": "\u6298\u53e0\u5757",
    "COLLAPSE_ALL": "\u6298\u53e0\u5757",
    "EXPAND_BLOCK": "\u5c55\u5f00\u5757",
    "EXPAND_ALL": "\u5c55\u5f00\u5757",
    "DISABLE_BLOCK": "\u7981\u7528\u5757",
    "ENABLE_BLOCK": "\u542f\u7528\u5757",
    "HELP": "\u5e2e\u52a9",
    "CHANGE_VALUE_TITLE": "\u66f4\u6539\u503c\uff1a",
    "NEW_VARIABLE": "\u65b0\u53d8\u91cf...",
    "NEW_VARIABLE_TITLE": "\u65b0\u53d8\u91cf\u7684\u540d\u79f0\uff1a",
    "RENAME_VARIABLE": "\u91cd\u547d\u540d\u53d8\u91cf...",
    "COLOUR_PICKER_HELPURL": "https://zh.wikipedia.org/wiki/\u989c\u8272",
    "COLOUR_PICKER_TOOLTIP": "\u4ece\u8c03\u8272\u677f\u4e2d\u9009\u62e9\u4e00\u79cd\u989c\u8272\u3002",
    "COLOUR_RANDOM_TITLE": "\u968f\u673a\u989c\u8272",
    "COLOUR_RANDOM_TOOLTIP": "\u968f\u673a\u9009\u62e9\u4e00\u79cd\u989c\u8272\u3002",
    "COLOUR_RGB_TITLE": "\u989c\u8272\u5e26",
    "COLOUR_RGB_RED": "\u7ea2\u8272",
    "COLOUR_RGB_GREEN": "\u7eff\u8272",
    "COLOUR_RGB_BLUE": "\u84dd\u8272",
    "COLOUR_BLEND_TITLE": "\u6df7\u5408",
    "COLOUR_BLEND_COLOUR1": "\u989c\u82721",
    "COLOUR_BLEND_COLOUR2": "\u989c\u82722",
    "COLOUR_BLEND_RATIO": "\u6bd4\u7387",
    "CONTROLS_REPEAT_HELPURL": "https://zh.wikipedia.org/wiki/For\u56de\u5708",
    "CONTROLS_REPEAT_TITLE": "\u91cd\u590d %1 \u6b21",
    "CONTROLS_REPEAT_TITLE_REPEAT": "\u91cd\u590d",
    "CONTROLS_REPEAT_TITLE_TIMES": "\u65f6\u95f4",
    "CONTROLS_REPEAT_INPUT_DO": "\u505a",
    "CONTROLS_REPEAT_TOOLTIP": "\u591a\u6b21\u6267\u884c\u4e00\u4e9b\u8bed\u53e5\u3002",
    "CONTROLS_WHILEUNTIL_OPERATOR_WHILE": "\u91cd\u590d\u5f53",
    "CONTROLS_WHILEUNTIL_OPERATOR_UNTIL": "\u91cd\u590d\u76f4\u5230",
    "CONTROLS_WHILEUNTIL_TOOLTIP_WHILE": "\u53ea\u8981\u503c\u4e3a\u771f\uff0c\u6267\u884c\u4e00\u4e9b\u8bed\u53e5\u3002",
    "CONTROLS_WHILEUNTIL_TOOLTIP_UNTIL": "\u53ea\u8981\u503c\u4e3a\u5047\uff0c\u6267\u884c\u4e00\u4e9b\u8bed\u53e5\u3002",
    "CONTROLS_FOR_INPUT_WITH": "\u4f7f\u7528",
    "CONTROLS_FOR_INPUT_FROM_TO_BY": "\u7531%3\u4ece%1\u81f3%2",
    "CONTROLS_FOREACH_INPUT_ITEM": "\u4e3a\u6bcf\u4e2a\u9879\u76ee",
    "CONTROLS_FOREACH_INPUT_INLIST": "\u5728\u5217\u8868\u4e2d",
    "CONTROLS_FLOW_STATEMENTS_OPERATOR_BREAK": "\u4e2d\u65ad\u5faa\u73af",
    "CONTROLS_FLOW_STATEMENTS_OPERATOR_CONTINUE": "\u7ee7\u7eed\u4e0b\u4e00\u6b21\u5faa\u73af",
    "CONTROLS_FLOW_STATEMENTS_TOOLTIP_BREAK": "\u4e2d\u65ad\u5305\u542b\u5b83\u7684\u5faa\u73af\u3002",
    "CONTROLS_IF_TOOLTIP_1": "\u5982\u679c\u503c\u4e3a\u771f\uff0c\u6267\u884c\u4e00\u4e9b\u8bed\u53e5\u3002",
    "CONTROLS_IF_MSG_IF": "\u5982\u679c",
    "CONTROLS_IF_MSG_ELSEIF": "\u6216\u8005\u5982\u679c",
    "CONTROLS_IF_MSG_ELSE": "\u4e5f",
    "LOGIC_COMPARE_HELPURL": "https://zh.wikipedia.org/wiki/\u4e0d\u7b49",
    "LOGIC_OPERATION_AND": "\u548c",
    "LOGIC_OPERATION_OR": "\u6216",
    "LOGIC_NEGATE_TITLE": "\u5e76\u975e%1",
    "LOGIC_BOOLEAN_TRUE": "\u6b63",
    "LOGIC_BOOLEAN_FALSE": "\u9519",
    "LOGIC_BOOLEAN_TOOLTIP": "\u540c\u65f6\u8fd4\u56de\u771f\u6216\u5047\u3002",
    "LOGIC_NULL": "\u6ee1",
    "LOGIC_NULL_TOOLTIP": "\u8fd4\u56de\u7a7a\u503c\u3002",
    "LOGIC_TERNARY_HELPURL": "https://zh.wikipedia.org/wiki/\u6761\u4ef6\u8fd0\u7b97\u7b26",
    "LOGIC_TERNARY_CONDITION": "\u6d4b\u8bd5",
    "LOGIC_TERNARY_IF_TRUE": "\u5982\u679c\u6b63\u786e",
    "LOGIC_TERNARY_IF_FALSE": "\u5982\u679c\u65e0\u6548",
    "MATH_NUMBER_HELPURL": "https://zh.wikipedia.org/wiki/\u6570\u5b57",
    "MATH_NUMBER_TOOLTIP": "\u4e00\u4e2a\u6570\u5b57\u3002",
    "MATH_ARITHMETIC_HELPURL": "https://zh.wikipedia.org/wiki/\u7b97\u672f",
    "MATH_ARITHMETIC_TOOLTIP_MINUS": "\u8fd4\u56de\u4e24\u4e2a\u6570\u5b57\u7684\u533a\u522b\u3002",
    "MATH_ARITHMETIC_TOOLTIP_MULTIPLY": "\u8fd4\u56de\u4e24\u4e2a\u6570\u5b57\u7684\u4e58\u79ef\u3002",
    "MATH_ARITHMETIC_TOOLTIP_DIVIDE": "\u8fd4\u56de\u4e24\u4e2a\u6570\u5b57\u7684\u5546\u3002",
    "MATH_ARITHMETIC_TOOLTIP_POWER": "\u8fd4\u56de\u7b2c\u4e00\u4e2a\u6570\u7684\u7b2c\u4e8c\u4e2a\u6570\u6b21\u5e42\u3002",
    "MATH_SINGLE_HELPURL": "https://zh.wikipedia.org/wiki/\u5e73\u65b9\u6839",
    "MATH_SINGLE_OP_ROOT": "\u5e73\u65b9\u6839",
    "MATH_SINGLE_TOOLTIP_ROOT": "\u8fd4\u56de\u6570\u7684\u5e73\u65b9\u6839\u3002",
    "MATH_SINGLE_OP_ABSOLUTE": "\u7edd\u5bf9",
    "MATH_SINGLE_TOOLTIP_ABS": "\u8fd4\u56de\u4e00\u4e2a\u6570\u7684\u7edd\u5bf9\u503c\u3002",
    "MATH_SINGLE_TOOLTIP_NEG": "\u8fd4\u56de\u6570\u7684\u903b\u8f91\u975e\u3002",
    "MATH_SINGLE_TOOLTIP_EXP": "\u8fd4\u56de\u6570\u7684e\u6b21\u5e42\u3002",
    "MATH_SINGLE_TOOLTIP_POW10": "\u8fd4\u56de\u6570\u768410\u6b21\u5e42\u3002",
    "MATH_TRIG_HELPURL": "https://zh.wikipedia.org/wiki/\u4e09\u89d2\u51fd\u6570",
    "MATH_CONSTANT_HELPURL": "https://zh.wikipedia.org/wiki/\u6570\u5b66\u5e38\u6570",
    "MATH_IS_EVEN": "\u4e43\u81f3\u4e8e",
    "MATH_IS_ODD": "\u662f\u5947\u7279\u7684",
    "MATH_IS_PRIME": "\u662f\u603b\u7406",
    "MATH_IS_WHOLE": "\u4e3a\u6574\u6570",
    "MATH_IS_POSITIVE": "\u662f\u6b63\u503c",
    "MATH_IS_NEGATIVE": "\u4e3a\u8d1f",
    "MATH_CHANGE_TITLE_CHANGE": "\u66f4\u6539",
    "MATH_CHANGE_INPUT_BY": "\u7531",
    "MATH_ROUND_HELPURL": "https://zh.wikipedia.org/wiki/\u56db\u820d\u4e94\u5165",
    "MATH_ROUND_TOOLTIP": "\u6570\u5b57\u5411\u4e0a\u6216\u5411\u4e0b\u820d\u5165\u3002",
    "MATH_ROUND_OPERATOR_ROUND": "\u5411\u4e0b\u820d\u5165",
    "MATH_ROUND_OPERATOR_ROUNDUP": "\u5411\u4e0a\u820d\u5165",
    "MATH_ROUND_OPERATOR_ROUNDDOWN": "\u5411\u4e0b\u820d\u5165",
    "MATH_ONLIST_OPERATOR_SUM": "\u5217\u8868\u4e2d\u7684\u6570\u7684\u603b\u548c",
    "MATH_ONLIST_TOOLTIP_SUM": "\u8fd4\u56de\u5217\u8868\u4e2d\u7684\u6240\u6709\u6570\u5b57\u7684\u548c\u3002",
    "MATH_ONLIST_OPERATOR_MIN": "\u5217\u8868\u6700\u5c0f\u503c",
    "MATH_ONLIST_TOOLTIP_MIN": "\u8fd4\u56de\u5217\u8868\u4e2d\u6700\u5c0f\u6570\u3002",
    "MATH_ONLIST_OPERATOR_MAX": "\u5217\u8868\u6700\u5927\u503c",
    "MATH_ONLIST_TOOLTIP_MAX": "\u8fd4\u56de\u5217\u8868\u4e2d\u6700\u5927\u6570\u3002",
    "MATH_ONLIST_OPERATOR_AVERAGE": "\u5217\u8868\u4e2d\u7684\u5e73\u5747\u6570",
    "MATH_ONLIST_TOOLTIP_AVERAGE": "\u8fd4\u56de\u5217\u8868\u4e2d\u7684\u6570\u503c\u7684\u5e73\u5747\u503c\u3002",
    "MATH_ONLIST_OPERATOR_MEDIAN": "\u5217\u8868\u4e2d\u4f4d\u6570",
    "MATH_ONLIST_TOOLTIP_MEDIAN": "\u8fd4\u56de\u5217\u8868\u4e2d\u7684\u4e2d\u4f4d\u6570\u3002",
    "MATH_ONLIST_OPERATOR_MODE": "\u5217\u8868\u6a21\u5f0f",
    "MATH_ONLIST_TOOLTIP_MODE": "\u8fd4\u56de\u5217\u8868\u4e2d\u7684\u6700\u5e38\u89c1\u7684\u9879\u7684\u5217\u8868\u3002",
    "MATH_ONLIST_OPERATOR_STD_DEV": "\u5217\u8868\u4e2d\u7684\u6807\u51c6\u5dee",
    "MATH_ONLIST_TOOLTIP_STD_DEV": "\u8fd4\u56de\u5217\u8868\u7684\u6807\u51c6\u504f\u5dee\u3002",
    "MATH_ONLIST_OPERATOR_RANDOM": "\u5217\u8868\u7684\u968f\u673a\u9879",
    "MATH_ONLIST_TOOLTIP_RANDOM": "\u4ece\u5217\u8868\u4e2d\u8fd4\u56de\u4e00\u4e2a\u968f\u673a\u7684\u5143\u7d20\u3002",
    "MATH_MODULO_TITLE": "\u53d6\u4f59\u6570\u81ea %1 \u00f7 %2",
    "MATH_MODULO_TOOLTIP": "\u8fd4\u56de\u8fd9\u4e24\u4e2a\u6570\u5b57\u76f8\u9664\u540e\u7684\u4f59\u6570\u3002",
    "MATH_CONSTRAIN_HELPURL": "https://en.wikipedia.org/wiki/Clamping_%28graphics%29",
    "MATH_CONSTRAIN_TITLE": "\u9650\u5236\u6570\u5b57 %1 \u4ecb\u4e8e (\u4f4e) %2 \u5230 (\u9ad8) %3",
    "MATH_RANDOM_INT_HELPURL": "https://zh.wikipedia.org/wiki/\u968f\u673a\u6570\u53d1\u751f\u5668",
    "MATH_RANDOM_INT_TITLE": "\u4ece %1 \u5230 %2 \u4e4b\u95f4\u7684\u968f\u673a\u6574\u6570",
    "MATH_RANDOM_FLOAT_TITLE_RANDOM": "\u968f\u673a\u5206\u6570",
    "TEXT_TEXT_HELPURL": "https://zh.wikipedia.org/wiki/\u5b57\u7b26\u4e32",
    "TEXT_TEXT_TOOLTIP": "\u4e00\u4e2a\u5b57\u6bcd\u3001\u5355\u8bcd\u6216\u4e00\u884c\u6587\u672c\u3002",
    "TEXT_JOIN_HELPURL": "https://code.google.com/p/blockly/wiki/Text#Text_creation",
    "TEXT_JOIN_TITLE_CREATEWITH": "\u5efa\u7acb\u5b57\u4e32\u4f7f\u7528",
    "TEXT_CREATE_JOIN_TITLE_JOIN": "\u52a0\u5165",
    "TEXT_CREATE_JOIN_ITEM_TOOLTIP": "\u5728\u6587\u672c\u4e2d\u52a0\u5165\u9879\u3002",
    "TEXT_APPEND_HELPURL": "https://code.google.com/p/blockly/wiki/Text#Text_modification",
    "TEXT_APPEND_TO": "\u81f3",
    "TEXT_APPEND_APPENDTEXT": "\u8ffd\u52a0\u6587\u672c",
    "TEXT_APPEND_TOOLTIP": "\u5c06\u4e00\u4e9b\u6587\u672c\u8ffd\u52a0\u5230\u53d8\u91cf\u201c%1\u201d\u3002",
    "TEXT_LENGTH_HELPURL": "https://code.google.com/p/blockly/wiki/Text#Text_modification",
    "TEXT_LENGTH_TITLE": "%1\u7684\u957f\u5ea6",
    "TEXT_ISEMPTY_HELPURL": "https://code.google.com/p/blockly/wiki/Text#Checking_for_empty_text",
    "TEXT_ISEMPTY_TITLE": "%1\u662f\u7a7a\u7684",
    "TEXT_ISEMPTY_TOOLTIP": "\u5982\u679c\u63d0\u4f9b\u7684\u6587\u672c\u4e3a\u7a7a\uff0c\u5219\u8fd4\u56de\u771f\u3002",
    "TEXT_INDEXOF_HELPURL": "https://code.google.com/p/blockly/wiki/Text#Finding_text",
    "TEXT_INDEXOF_INPUT_INTEXT": "\u4e8e\u6587\u672c\u4e2d",
    "TEXT_INDEXOF_OPERATOR_FIRST": "\u5bfb\u627e\u7b2c\u4e00\u4e2a\u51fa\u73b0\u7684\u6587\u672c",
    "TEXT_INDEXOF_OPERATOR_LAST": "\u5bfb\u627e\u6700\u540e\u4e00\u4e2a\u51fa\u73b0\u7684\u6587\u672c",
    "TEXT_INDEXOF_TAIL": "\u7a7a\u767d",
    "TEXT_CHARAT_HELPURL": "https://code.google.com/p/blockly/wiki/Text#Extracting_text",
    "TEXT_CHARAT_INPUT_INTEXT": "\u4e8e\u6587\u672c\u4e2d",
    "TEXT_CHARAT_FROM_START": "\u83b7\u5f97\u4fe1\u4ef6#",
    "TEXT_CHARAT_FIRST": "\u83b7\u5f97\u7b2c\u4e00\u4e2a\u4fe1\u4ef6",
    "TEXT_CHARAT_LAST": "\u83b7\u5f97\u6700\u540e\u4fe1\u4ef6",
    "TEXT_CHARAT_RANDOM": "\u83b7\u53d6\u968f\u673a\u7684\u5b57\u6bcd",
    "TEXT_CHARAT_TAIL": "\u7a7a\u767d",
    "TEXT_CHARAT_TOOLTIP": "\u8fd4\u56de\u4f4d\u4e8e\u6307\u5b9a\u4f4d\u7f6e\u7684\u5b57\u6bcd\u3002",
    "TEXT_GET_SUBSTRING_TOOLTIP": "\u8fd4\u56de\u6307\u5b9a\u7684\u90e8\u5206\u6587\u672c\u3002",
    "TEXT_GET_SUBSTRING_HELPURL": "http://code.google.com/p/blockly/wiki/Text#Extracting_a_region_of_text",
    "TEXT_GET_SUBSTRING_INPUT_IN_TEXT": "\u4e8e\u6587\u672c\u4e2d",
    "TEXT_GET_SUBSTRING_END_FROM_START": "\u5230\u5b57\u7b26#",
    "TEXT_GET_SUBSTRING_END_FROM_END": "\u4ece\u6700\u540e\u81f3\u4fe1\u4ef6#",
    "TEXT_GET_SUBSTRING_END_LAST": "\u81f3\u6700\u540e\u4fe1\u4ef6",
    "TEXT_GET_SUBSTRING_TAIL": "\u7a7a\u767d",
    "TEXT_CHANGECASE_HELPURL": "https://code.google.com/p/blockly/wiki/Text#Adjusting_text_case",
    "TEXT_CHANGECASE_OPERATOR_UPPERCASE": "\u4e3a\u5927\u5199",
    "TEXT_CHANGECASE_OPERATOR_LOWERCASE": "\u4e3a\u5c0f\u5199",
    "TEXT_CHANGECASE_OPERATOR_TITLECASE": "\u4e3a\u9996\u5b57\u6bcd\u5927\u5199",
    "TEXT_TRIM_HELPURL": "https://code.google.com/p/blockly/wiki/Text#Trimming_%28removing%29_spaces",
    "TEXT_PRINT_HELPURL": "https://code.google.com/p/blockly/wiki/Text#Printing_text",
    "TEXT_PRINT_TITLE": "\u6253\u5370%1",
    "TEXT_PROMPT_HELPURL": "https://code.google.com/p/blockly/wiki/Text#Getting_input_from_the_user",
    "LISTS_CREATE_EMPTY_HELPURL": "https://en.wikipedia.org/wiki/Linked_list#Empty_lists",
    "LISTS_CREATE_EMPTY_TITLE": "\u521b\u5efa\u7a7a\u7684\u5217\u8868",
    "LISTS_CREATE_WITH_CONTAINER_TITLE_ADD": "\u5217\u8868",
    "LISTS_REPEAT_HELPURL": "https://code.google.com/p/blockly/wiki/Lists#create_list_with",
    "LISTS_LENGTH_HELPURL": "https://code.google.com/p/blockly/wiki/Lists#length_of",
    "LISTS_LENGTH_TITLE": "%1\u7684\u957f\u5ea6",
    "LISTS_LENGTH_TOOLTIP": "\u8fd4\u56de\u5217\u8868\u7684\u957f\u5ea6\u3002",
    "LISTS_IS_EMPTY_TITLE": "%1\u662f\u7a7a\u7684",
    "LISTS_INLIST": "\u5728\u5217\u8868\u4e2d",
    "LISTS_INDEX_OF_HELPURL": "https://code.google.com/p/blockly/wiki/Lists#Getting_Items_from_a_List",
    "LISTS_GET_INDEX_GET": "\u83b7\u5f97",
    "LISTS_GET_INDEX_REMOVE": "\u79fb\u9664",
    "LISTS_GET_INDEX_FROM_START": "#",
    "LISTS_GET_INDEX_FROM_END": "#\u6765\u81ea\u7ed3\u675f",
    "LISTS_GET_INDEX_FIRST": "\u9996\u6b21",
    "LISTS_GET_INDEX_LAST": "\u6700\u540e",
    "LISTS_GET_INDEX_RANDOM": "\u968f\u673a",
    "LISTS_GET_INDEX_TAIL": "\u7a7a\u767d",
    "LISTS_GET_INDEX_TOOLTIP_GET_RANDOM": "\u968f\u673a\u8fd4\u56de\u5217\u8868\u4e2d\u7684\u4e00\u4e2a\u9879\u76ee\u3002",
    "LISTS_GET_INDEX_TOOLTIP_GET_REMOVE_FIRST": "\u79fb\u9664\u5e76\u8fd4\u56de\u5217\u8868\u4e2d\u7684\u7b2c\u4e00\u4e2a\u9879\u76ee\u3002",
    "LISTS_GET_INDEX_TOOLTIP_GET_REMOVE_LAST": "\u79fb\u9664\u5e76\u8fd4\u56de\u5217\u8868\u4e2d\u7684\u6700\u540e\u4e00\u4e2a\u9879\u76ee\u3002",
    "LISTS_GET_INDEX_TOOLTIP_GET_REMOVE_RANDOM": "\u79fb\u9664\u5e76\u8fd4\u56de\u5217\u8868\u4e2d\u7684\u4e00\u4e2a\u968f\u673a\u9879\u76ee\u4e2d\u3002",
    "LISTS_SET_INDEX_HELPURL": "https://code.google.com/p/blockly/wiki/Lists#in_list_..._set",
    "LISTS_SET_INDEX_SET": "\u8bbe\u7f6e",
    "LISTS_SET_INDEX_INSERT": "\u63d2\u5165\u5728",
    "LISTS_SET_INDEX_INPUT_TO": "\u4f5c\u4e3a",
    "LISTS_SET_INDEX_TOOLTIP_SET_LAST": "\u8bbe\u7f6e\u5217\u8868\u4e2d\u7684\u6700\u540e\u4e00\u9879\u3002",
    "LISTS_GET_SUBLIST_HELPURL": "https://code.google.com/p/blockly/wiki/Lists#Getting_a_sublist",
    "LISTS_GET_SUBLIST_END_FROM_START": "\u81f3#",
    "LISTS_GET_SUBLIST_END_FROM_END": "\u4ece\u7ed3\u675f\u81f3#",
    "LISTS_GET_SUBLIST_END_LAST": "\u81f3\u6700\u540e",
    "LISTS_GET_SUBLIST_TAIL": "\u7a7a\u767d",
    "ORDINAL_NUMBER_SUFFIX": "\u7a7a\u767d",
    "VARIABLES_GET_TITLE": "\u7a7a\u767d",
    "VARIABLES_GET_TAIL": "\u7a7a\u767d",
    "VARIABLES_GET_CREATE_SET": "\u521b\u5efa'\u83b7\u5f97%1'",
    "VARIABLES_SET_HELPURL": "http://code.google.com/p/blockly/wiki/Variables#Set",
    "VARIABLES_SET_TITLE": "\u8bbe\u7f6e",
    "VARIABLES_SET_TAIL": "\u81f3",
    "VARIABLES_SET_CREATE_GET": "\u521b\u5efa'\u83b7\u5f97%1'",
    "PROCEDURES_DEFNORETURN_HELPURL": "https://zh.wikipedia.org/wiki/\u5b50\u7a0b\u5e8f",
    "PROCEDURES_DEFNORETURN_TITLE": "\u81f3",
    "PROCEDURES_DEFNORETURN_PROCEDURE": "\u505a\u70b9\u4ec0\u4e48",
    "PROCEDURES_BEFORE_PARAMS": "\u4e0e\uff1a",
    "PROCEDURES_DEFNORETURN_DO": "\u7a7a\u767d",
    "PROCEDURES_DEFRETURN_HELPURL": "https://zh.wikipedia.org/wiki/\u5b50\u7a0b\u5e8f",
    "PROCEDURES_DEFRETURN_RETURN": "\u8fd4\u56de",
    "PROCEDURES_CALLNORETURN_HELPURL": "https://zh.wikipedia.org/wiki/\u5b50\u7a0b\u5e8f",
    "PROCEDURES_CALLNORETURN_CALL": "\u7a7a\u767d",
    "PROCEDURES_CALLRETURN_HELPURL": "https://zh.wikipedia.org/wiki/\u5b50\u7a0b\u5e8f",
    "PROCEDURES_MUTATORCONTAINER_TITLE": "\u6295\u5165",
    "PROCEDURES_MUTATORARG_TITLE": "\u8f93\u5165\u540d\u79f0\uff1a",
    "PROCEDURES_CREATE_DO": "\u521b\u5efa'%1'"
}